,timestamp,type,value
0,2025-02-23 00:00:00,supply,4.95
1,2025-02-23 00:15:00,supply,4.95
2,2025-02-23 00:30:00,supply,4.5
3,2025-02-23 00:45:00,supply,4.95
4,2025-02-23 01:00:00,supply,5.85
5,2025-02-23 01:15:00,supply,5.85
6,2025-02-23 01:30:00,supply,5.4
7,2025-02-23 01:45:00,supply,5.4
8,2025-02-23 02:00:00,supply,6.3
9,2025-02-23 02:15:00,supply,6.75
10,2025-02-23 02:30:00,supply,6.75
11,2025-02-23 02:45:00,supply,5.85
12,2025-02-23 03:00:00,supply,7.2
13,2025-02-23 03:15:00,supply,6.75
14,2025-02-23 03:30:00,supply,7.65
15,2025-02-23 03:45:00,supply,7.2
16,2025-02-23 04:00:00,supply,7.2
17,2025-02-23 04:15:00,supply,7.2
18,2025-02-23 04:30:00,supply,6.3
19,2025-02-23 04:45:00,supply,5.85
20,2025-02-23 05:00:00,supply,5.4
21,2025-02-23 05:15:00,supply,5.4
22,2025-02-23 05:30:00,supply,6.3
23,2025-02-23 05:45:00,supply,6.75
24,2025-02-23 06:00:00,supply,5.85
25,2025-02-23 06:15:00,supply,5.85
26,2025-02-23 06:30:00,supply,4.95
27,2025-02-23 06:45:00,supply,5.85
28,2025-02-23 07:00:00,supply,5.85
29,2025-02-23 07:15:00,supply,5.85
30,2025-02-23 07:30:00,supply,6.75
31,2025-02-23 07:45:00,supply,7.2
32,2025-02-23 08:00:00,supply,7.2
33,2025-02-23 08:15:00,supply,7.2
34,2025-02-23 08:30:00,supply,6.75
35,2025-02-23 08:45:00,supply,7.2
36,2025-02-23 09:00:00,supply,5.85
37,2025-02-23 09:15:00,supply,5.85
38,2025-02-23 09:30:00,supply,6.75
39,2025-02-23 09:45:00,supply,7.65
40,2025-02-23 10:00:00,supply,7.65
41,2025-02-23 10:15:00,supply,7.65
42,2025-02-23 10:30:00,supply,8.1
43,2025-02-23 10:45:00,supply,7.2
44,2025-02-23 11:00:00,supply,7.65
45,2025-02-23 11:15:00,supply,7.65
46,2025-02-23 11:30:00,supply,7.65
47,2025-02-23 11:45:00,supply,9.45
48,2025-02-23 12:00:00,supply,9.9
49,2025-02-23 12:15:00,supply,9.45
50,2025-02-23 12:30:00,supply,7.2
51,2025-02-23 12:45:00,supply,6.75
52,2025-02-23 13:00:00,supply,6.3
53,2025-02-23 13:15:00,supply,5.85
54,2025-02-23 13:30:00,supply,5.4
55,2025-02-23 13:45:00,supply,5.4
56,2025-02-23 14:00:00,supply,4.95
57,2025-02-23 14:15:00,supply,4.05
58,2025-02-23 14:30:00,supply,2.25
59,2025-02-23 14:45:00,supply,4.05
60,2025-02-23 15:00:00,supply,2.25
61,2025-02-23 15:15:00,supply,3.6
62,2025-02-23 15:30:00,supply,4.5
63,2025-02-23 15:45:00,supply,7.2
64,2025-02-23 16:00:00,supply,3.15
65,2025-02-23 16:15:00,supply,4.05
66,2025-02-23 16:30:00,supply,5.85
67,2025-02-23 16:45:00,supply,3.6
68,2025-02-23 17:00:00,supply,2.7
69,2025-02-23 17:15:00,supply,4.95
70,2025-02-23 17:30:00,supply,5.4
71,2025-02-23 17:45:00,supply,6.3
72,2025-02-23 18:00:00,supply,5.85
73,2025-02-23 18:15:00,supply,5.85
74,2025-02-23 18:30:00,supply,6.75
75,2025-02-23 18:45:00,supply,7.2
76,2025-02-23 19:00:00,supply,6.3
77,2025-02-23 19:15:00,supply,6.75
78,2025-02-23 19:30:00,supply,6.75
79,2025-02-23 19:45:00,supply,7.2
80,2025-02-23 20:00:00,supply,6.3
81,2025-02-23 20:15:00,supply,6.3
82,2025-02-23 20:30:00,supply,6.3
83,2025-02-23 20:45:00,supply,7.2
84,2025-02-23 21:00:00,supply,7.2
85,2025-02-23 21:15:00,supply,7.2
86,2025-02-23 21:30:00,supply,6.3
87,2025-02-23 21:45:00,supply,5.85
88,2025-02-23 22:00:00,supply,5.4
89,2025-02-23 22:15:00,supply,5.4
90,2025-02-23 22:30:00,supply,5.4
91,2025-02-23 22:45:00,supply,5.85
92,2025-02-23 23:00:00,supply,5.4
93,2025-02-23 23:15:00,supply,5.85
94,2025-02-23 23:30:00,supply,6.3
95,2025-02-23 23:45:00,supply,7.65
96,2025-02-24 00:00:00,supply,8.1
97,2025-02-24 00:15:00,supply,7.65
98,2025-02-24 00:30:00,supply,5.85
99,2025-02-24 00:45:00,supply,6.3
100,2025-02-24 01:00:00,supply,7.2
101,2025-02-24 01:15:00,supply,7.2
102,2025-02-24 01:30:00,supply,7.2
103,2025-02-24 01:45:00,supply,7.2
104,2025-02-24 02:00:00,supply,6.75
105,2025-02-24 02:15:00,supply,8.1
106,2025-02-24 02:30:00,supply,7.65
107,2025-02-24 02:45:00,supply,8.1
108,2025-02-24 03:00:00,supply,8.1
109,2025-02-24 03:15:00,supply,7.2
110,2025-02-24 03:30:00,supply,7.65
111,2025-02-24 03:45:00,supply,6.75
112,2025-02-24 04:00:00,supply,7.65
113,2025-02-24 04:15:00,supply,7.65
114,2025-02-24 04:30:00,supply,6.75
115,2025-02-24 04:45:00,supply,5.85
116,2025-02-24 05:00:00,supply,6.3
117,2025-02-24 05:15:00,supply,5.4
118,2025-02-24 05:30:00,supply,6.3
119,2025-02-24 05:45:00,supply,7.65
120,2025-02-24 06:00:00,supply,6.3
121,2025-02-24 06:15:00,supply,7.65
122,2025-02-24 06:30:00,supply,7.2
123,2025-02-24 06:45:00,supply,7.65
124,2025-02-24 07:00:00,supply,7.65
125,2025-02-24 07:15:00,supply,9.0
126,2025-02-24 07:30:00,supply,8.1
127,2025-02-24 07:45:00,supply,7.65
128,2025-02-24 08:00:00,supply,6.3
129,2025-02-24 08:15:00,supply,6.75
130,2025-02-24 08:30:00,supply,6.3
131,2025-02-24 08:45:00,supply,6.75
132,2025-02-24 09:00:00,supply,7.65
133,2025-02-24 09:15:00,supply,8.1
134,2025-02-24 09:30:00,supply,7.2
135,2025-02-24 09:45:00,supply,5.85
136,2025-02-24 10:00:00,supply,6.3
137,2025-02-24 10:15:00,supply,7.65
138,2025-02-24 10:30:00,supply,9.0
139,2025-02-24 10:45:00,supply,9.9
140,2025-02-24 11:00:00,supply,9.45
141,2025-02-24 11:15:00,supply,8.55
142,2025-02-24 11:30:00,supply,8.55
143,2025-02-24 11:45:00,supply,7.2
144,2025-02-24 12:00:00,supply,7.2
145,2025-02-24 12:15:00,supply,5.85
146,2025-02-24 12:30:00,supply,8.1
147,2025-02-24 12:45:00,supply,8.1
148,2025-02-24 13:00:00,supply,7.2
149,2025-02-24 13:15:00,supply,7.2
150,2025-02-24 13:30:00,supply,6.75
151,2025-02-24 13:45:00,supply,6.75
152,2025-02-24 14:00:00,supply,8.55
153,2025-02-24 14:15:00,supply,7.65
154,2025-02-24 14:30:00,supply,8.55
155,2025-02-24 14:45:00,supply,6.75
156,2025-02-24 15:00:00,supply,7.2
157,2025-02-24 15:15:00,supply,6.75
158,2025-02-24 15:30:00,supply,8.1
159,2025-02-24 15:45:00,supply,8.1
160,2025-02-24 16:00:00,supply,8.1
161,2025-02-24 16:15:00,supply,8.1
162,2025-02-24 16:30:00,supply,8.55
163,2025-02-24 16:45:00,supply,8.1
164,2025-02-24 17:00:00,supply,8.1
165,2025-02-24 17:15:00,supply,8.55
166,2025-02-24 17:30:00,supply,8.1
167,2025-02-24 17:45:00,supply,7.65
168,2025-02-24 18:00:00,supply,7.2
169,2025-02-24 18:15:00,supply,7.2
170,2025-02-24 18:30:00,supply,7.65
171,2025-02-24 18:45:00,supply,6.75
172,2025-02-24 19:00:00,supply,5.85
173,2025-02-24 19:15:00,supply,6.3
174,2025-02-24 19:30:00,supply,6.3
175,2025-02-24 19:45:00,supply,5.85
176,2025-02-24 20:00:00,supply,5.85
177,2025-02-24 20:15:00,supply,5.85
178,2025-02-24 20:30:00,supply,7.2
179,2025-02-24 20:45:00,supply,7.65
180,2025-02-24 21:00:00,supply,8.1
181,2025-02-24 21:15:00,supply,6.75
182,2025-02-24 21:30:00,supply,5.4
183,2025-02-24 21:45:00,supply,5.85
184,2025-02-24 22:00:00,supply,5.85
185,2025-02-24 22:15:00,supply,5.85
186,2025-02-24 22:30:00,supply,4.95
187,2025-02-24 22:45:00,supply,5.85
188,2025-02-24 23:00:00,supply,5.4
189,2025-02-24 23:15:00,supply,5.4
190,2025-02-24 23:30:00,supply,6.75
191,2025-02-24 23:45:00,supply,6.3
192,2025-02-25 00:00:00,supply,7.2
193,2025-02-25 00:15:00,supply,5.85
194,2025-02-25 00:30:00,supply,5.4
195,2025-02-25 00:45:00,supply,5.4
196,2025-02-25 01:00:00,supply,4.95
197,2025-02-25 01:15:00,supply,4.95
198,2025-02-25 01:30:00,supply,5.4
199,2025-02-25 01:45:00,supply,5.4
200,2025-02-25 02:00:00,supply,6.75
201,2025-02-25 02:15:00,supply,7.2
202,2025-02-25 02:30:00,supply,6.75
203,2025-02-25 02:45:00,supply,7.2
204,2025-02-25 03:00:00,supply,6.75
205,2025-02-25 03:15:00,supply,8.1
206,2025-02-25 03:30:00,supply,8.1
207,2025-02-25 03:45:00,supply,7.65
208,2025-02-25 04:00:00,supply,7.65
209,2025-02-25 04:15:00,supply,7.2
210,2025-02-25 04:30:00,supply,6.3
211,2025-02-25 04:45:00,supply,5.85
212,2025-02-25 05:00:00,supply,5.85
213,2025-02-25 05:15:00,supply,5.85
214,2025-02-25 05:30:00,supply,4.95
215,2025-02-25 05:45:00,supply,7.2
216,2025-02-25 06:00:00,supply,7.65
217,2025-02-25 06:15:00,supply,8.1
218,2025-02-25 06:30:00,supply,8.1
219,2025-02-25 06:45:00,supply,9.0
220,2025-02-25 07:00:00,supply,9.45
221,2025-02-25 07:15:00,supply,8.55
222,2025-02-25 07:30:00,supply,9.0
223,2025-02-25 07:45:00,supply,8.55
224,2025-02-25 08:00:00,supply,8.55
225,2025-02-25 08:15:00,supply,8.55
226,2025-02-25 08:30:00,supply,8.1
227,2025-02-25 08:45:00,supply,7.2
228,2025-02-25 09:00:00,supply,6.3
229,2025-02-25 09:15:00,supply,7.2
230,2025-02-25 09:30:00,supply,4.95
231,2025-02-25 09:45:00,supply,3.6
232,2025-02-25 10:00:00,supply,1.8
233,2025-02-25 10:15:00,supply,1.8
234,2025-02-25 10:30:00,supply,3.6
235,2025-02-25 10:45:00,supply,4.5
236,2025-02-25 11:00:00,supply,3.15
237,2025-02-25 11:15:00,supply,2.7
238,2025-02-25 11:30:00,supply,2.7
239,2025-02-25 11:45:00,supply,2.7
240,2025-02-25 12:00:00,supply,1.35
241,2025-02-25 12:15:00,supply,2.7
242,2025-02-25 12:30:00,supply,2.25
243,2025-02-25 12:45:00,supply,3.6
244,2025-02-25 13:00:00,supply,3.15
245,2025-02-25 13:15:00,supply,1.8
246,2025-02-25 13:30:00,supply,2.25
247,2025-02-25 13:45:00,supply,1.35
248,2025-02-25 14:00:00,supply,2.25
249,2025-02-25 14:15:00,supply,5.4
250,2025-02-25 14:30:00,supply,5.4
251,2025-02-25 14:45:00,supply,4.05
252,2025-02-25 15:00:00,supply,1.8
253,2025-02-25 15:15:00,supply,4.05
254,2025-02-25 15:30:00,supply,2.7
255,2025-02-25 15:45:00,supply,1.8
256,2025-02-25 16:00:00,supply,2.7
257,2025-02-25 16:15:00,supply,2.25
258,2025-02-25 16:30:00,supply,4.05
259,2025-02-25 16:45:00,supply,6.3
260,2025-02-25 17:00:00,supply,5.4
261,2025-02-25 17:15:00,supply,6.3
262,2025-02-25 17:30:00,supply,7.65
263,2025-02-25 17:45:00,supply,8.1
264,2025-02-25 18:00:00,supply,8.55
265,2025-02-25 18:15:00,supply,9.45
266,2025-02-25 18:30:00,supply,8.1
267,2025-02-25 18:45:00,supply,6.3
268,2025-02-25 19:00:00,supply,5.85
269,2025-02-25 19:15:00,supply,5.85
270,2025-02-25 19:30:00,supply,7.2
271,2025-02-25 19:45:00,supply,7.2
272,2025-02-25 20:00:00,supply,7.65
273,2025-02-25 20:15:00,supply,7.65
274,2025-02-25 20:30:00,supply,7.2
275,2025-02-25 20:45:00,supply,6.75
276,2025-02-25 21:00:00,supply,7.65
277,2025-02-25 21:15:00,supply,7.65
278,2025-02-25 21:30:00,supply,7.65
279,2025-02-25 21:45:00,supply,8.1
280,2025-02-25 22:00:00,supply,7.65
281,2025-02-25 22:15:00,supply,8.1
282,2025-02-25 22:30:00,supply,6.75
283,2025-02-25 22:45:00,supply,7.2
284,2025-02-25 23:00:00,supply,7.2
285,2025-02-25 23:15:00,supply,6.75
286,2025-02-25 23:30:00,supply,6.75
287,2025-02-25 23:45:00,supply,6.3
288,2025-02-26 00:00:00,supply,6.3
289,2025-02-26 00:15:00,supply,6.3
290,2025-02-26 00:30:00,supply,6.75
291,2025-02-26 00:45:00,supply,6.3
292,2025-02-26 01:00:00,supply,6.3
293,2025-02-26 01:15:00,supply,6.3
294,2025-02-26 01:30:00,supply,6.3
295,2025-02-26 01:45:00,supply,5.85
296,2025-02-26 02:00:00,supply,7.2
297,2025-02-26 02:15:00,supply,7.65
298,2025-02-26 02:30:00,supply,7.2
299,2025-02-26 02:45:00,supply,7.2
300,2025-02-26 03:00:00,supply,7.2
301,2025-02-26 03:15:00,supply,7.65
302,2025-02-26 03:30:00,supply,6.75
303,2025-02-26 03:45:00,supply,6.3
304,2025-02-26 04:00:00,supply,5.4
305,2025-02-26 04:15:00,supply,6.3
306,2025-02-26 04:30:00,supply,5.4
307,2025-02-26 04:45:00,supply,5.4
308,2025-02-26 05:00:00,supply,6.75
309,2025-02-26 05:15:00,supply,6.75
310,2025-02-26 05:30:00,supply,6.75
311,2025-02-26 05:45:00,supply,6.3
312,2025-02-26 06:00:00,supply,6.3
313,2025-02-26 06:15:00,supply,7.2
314,2025-02-26 06:30:00,supply,7.2
315,2025-02-26 06:45:00,supply,7.65
316,2025-02-26 07:00:00,supply,7.65
317,2025-02-26 07:15:00,supply,8.1
318,2025-02-26 07:30:00,supply,6.75
319,2025-02-26 07:45:00,supply,6.3
320,2025-02-26 08:00:00,supply,6.3
321,2025-02-26 08:15:00,supply,6.75
322,2025-02-26 08:30:00,supply,4.95
323,2025-02-26 08:45:00,supply,5.85
324,2025-02-26 09:00:00,supply,3.6
325,2025-02-26 09:15:00,supply,1.35
326,2025-02-26 09:30:00,supply,0.45
327,2025-02-26 09:45:00,supply,0.0
328,2025-02-26 10:00:00,supply,0.0
329,2025-02-26 10:15:00,supply,0.0
330,2025-02-26 10:30:00,supply,0.0
331,2025-02-26 10:45:00,supply,0.0
332,2025-02-26 11:00:00,supply,0.0
333,2025-02-26 11:15:00,supply,1.8
334,2025-02-26 11:30:00,supply,2.25
335,2025-02-26 11:45:00,supply,0.0
336,2025-02-26 12:00:00,supply,3.6
337,2025-02-26 12:15:00,supply,2.7
338,2025-02-26 12:30:00,supply,0.0
339,2025-02-26 12:45:00,supply,0.0
340,2025-02-26 13:00:00,supply,0.0
341,2025-02-26 13:15:00,supply,0.0
342,2025-02-26 13:30:00,supply,0.0
343,2025-02-26 13:45:00,supply,0.0
344,2025-02-26 14:00:00,supply,0.0
345,2025-02-26 14:15:00,supply,2.7
346,2025-02-26 14:30:00,supply,3.6
347,2025-02-26 14:45:00,supply,2.7
348,2025-02-26 15:00:00,supply,0.0
349,2025-02-26 15:15:00,supply,3.15
350,2025-02-26 15:30:00,supply,2.7
351,2025-02-26 15:45:00,supply,0.0
352,2025-02-26 16:00:00,supply,0.0
353,2025-02-26 16:15:00,supply,0.0
354,2025-02-26 16:30:00,supply,2.25
355,2025-02-26 16:45:00,supply,3.6
356,2025-02-26 17:00:00,supply,4.05
357,2025-02-26 17:15:00,supply,4.95
358,2025-02-26 17:30:00,supply,5.4
359,2025-02-26 17:45:00,supply,5.4
360,2025-02-26 18:00:00,supply,5.85
361,2025-02-26 18:15:00,supply,5.85
362,2025-02-26 18:30:00,supply,6.75
363,2025-02-26 18:45:00,supply,6.3
364,2025-02-26 19:00:00,supply,5.4
365,2025-02-26 19:15:00,supply,5.85
366,2025-02-26 19:30:00,supply,5.85
367,2025-02-26 19:45:00,supply,6.3
368,2025-02-26 20:00:00,supply,6.75
369,2025-02-26 20:15:00,supply,7.2
370,2025-02-26 20:30:00,supply,6.75
371,2025-02-26 20:45:00,supply,6.3
372,2025-02-26 21:00:00,supply,5.85
373,2025-02-26 21:15:00,supply,5.4
374,2025-02-26 21:30:00,supply,5.85
375,2025-02-26 21:45:00,supply,5.4
376,2025-02-26 22:00:00,supply,5.4
377,2025-02-26 22:15:00,supply,6.3
378,2025-02-26 22:30:00,supply,6.3
379,2025-02-26 22:45:00,supply,6.3
380,2025-02-26 23:00:00,supply,6.3
381,2025-02-26 23:15:00,supply,5.85
382,2025-02-26 23:30:00,supply,5.4
383,2025-02-26 23:45:00,supply,4.95
384,2025-02-27 00:00:00,supply,5.4
385,2025-02-27 00:15:00,supply,5.85
386,2025-02-27 00:30:00,supply,6.3
387,2025-02-27 00:45:00,supply,5.85
388,2025-02-27 01:00:00,supply,6.3
389,2025-02-27 01:15:00,supply,6.3
390,2025-02-27 01:30:00,supply,5.85
391,2025-02-27 01:45:00,supply,6.3
392,2025-02-27 02:00:00,supply,6.3
393,2025-02-27 02:15:00,supply,6.75
394,2025-02-27 02:30:00,supply,6.3
395,2025-02-27 02:45:00,supply,5.85
396,2025-02-27 03:00:00,supply,6.3
397,2025-02-27 03:15:00,supply,6.75
398,2025-02-27 03:30:00,supply,6.75
399,2025-02-27 03:45:00,supply,6.3
400,2025-02-27 04:00:00,supply,6.3
401,2025-02-27 04:15:00,supply,6.75
402,2025-02-27 04:30:00,supply,6.3
403,2025-02-27 04:45:00,supply,5.85
404,2025-02-27 05:00:00,supply,6.3
405,2025-02-27 05:15:00,supply,6.3
406,2025-02-27 05:30:00,supply,5.85
407,2025-02-27 05:45:00,supply,5.85
408,2025-02-27 06:00:00,supply,7.2
409,2025-02-27 06:15:00,supply,7.2
410,2025-02-27 06:30:00,supply,6.75
411,2025-02-27 06:45:00,supply,7.65
412,2025-02-27 07:00:00,supply,7.65
413,2025-02-27 07:15:00,supply,8.1
414,2025-02-27 07:30:00,supply,8.1
415,2025-02-27 07:45:00,supply,7.65
416,2025-02-27 08:00:00,supply,7.2
417,2025-02-27 08:15:00,supply,7.2
418,2025-02-27 08:30:00,supply,7.2
419,2025-02-27 08:45:00,supply,7.2
420,2025-02-27 09:00:00,supply,4.95
421,2025-02-27 09:15:00,supply,6.3
422,2025-02-27 09:30:00,supply,5.85
423,2025-02-27 09:45:00,supply,1.8
424,2025-02-27 10:00:00,supply,5.4
425,2025-02-27 10:15:00,supply,7.2
426,2025-02-27 10:30:00,supply,7.2
427,2025-02-27 10:45:00,supply,3.15
428,2025-02-27 11:00:00,supply,2.25
429,2025-02-27 11:15:00,supply,0.9
430,2025-02-27 11:30:00,supply,0.0
431,2025-02-27 11:45:00,supply,0.0
432,2025-02-27 12:00:00,supply,1.8
433,2025-02-27 12:15:00,supply,4.05
434,2025-02-27 12:30:00,supply,3.15
435,2025-02-27 12:45:00,supply,1.8
436,2025-02-27 13:00:00,supply,0.45
437,2025-02-27 13:15:00,supply,0.45
438,2025-02-27 13:30:00,supply,0.0
439,2025-02-27 13:45:00,supply,0.0
440,2025-02-27 14:00:00,supply,1.35
441,2025-02-27 14:15:00,supply,0.45
442,2025-02-27 14:30:00,supply,0.0
443,2025-02-27 14:45:00,supply,0.0
444,2025-02-27 15:00:00,supply,0.0
445,2025-02-27 15:15:00,supply,0.0
446,2025-02-27 15:30:00,supply,0.0
447,2025-02-27 15:45:00,supply,0.0
448,2025-02-27 16:00:00,supply,0.0
449,2025-02-27 16:15:00,supply,1.35
450,2025-02-27 16:30:00,supply,0.9
451,2025-02-27 16:45:00,supply,0.45
452,2025-02-27 17:00:00,supply,0.45
453,2025-02-27 17:15:00,supply,1.35
454,2025-02-27 17:30:00,supply,4.05
455,2025-02-27 17:45:00,supply,7.2
456,2025-02-27 18:00:00,supply,6.75
457,2025-02-27 18:15:00,supply,7.65
458,2025-02-27 18:30:00,supply,6.3
459,2025-02-27 18:45:00,supply,6.3
460,2025-02-27 19:00:00,supply,5.4
461,2025-02-27 19:15:00,supply,5.85
462,2025-02-27 19:30:00,supply,5.4
463,2025-02-27 19:45:00,supply,6.3
464,2025-02-27 20:00:00,supply,5.85
465,2025-02-27 20:15:00,supply,6.75
466,2025-02-27 20:30:00,supply,6.75
467,2025-02-27 20:45:00,supply,6.75
468,2025-02-27 21:00:00,supply,6.75
469,2025-02-27 21:15:00,supply,6.3
470,2025-02-27 21:30:00,supply,5.85
471,2025-02-27 21:45:00,supply,5.85
472,2025-02-27 22:00:00,supply,5.85
473,2025-02-27 22:15:00,supply,5.85
474,2025-02-27 22:30:00,supply,6.3
475,2025-02-27 22:45:00,supply,6.3
476,2025-02-27 23:00:00,supply,6.3
477,2025-02-27 23:15:00,supply,6.3
478,2025-02-27 23:30:00,supply,5.85
479,2025-02-27 23:45:00,supply,5.4
480,2025-02-28 00:00:00,supply,4.95
481,2025-02-28 00:15:00,supply,5.4
482,2025-02-28 00:30:00,supply,6.3
483,2025-02-28 00:45:00,supply,6.3
484,2025-02-28 01:00:00,supply,5.85
485,2025-02-28 01:15:00,supply,6.3
486,2025-02-28 01:30:00,supply,5.4
487,2025-02-28 01:45:00,supply,4.95
488,2025-02-28 02:00:00,supply,5.4
489,2025-02-28 02:15:00,supply,6.3
490,2025-02-28 02:30:00,supply,5.85
491,2025-02-28 02:45:00,supply,5.4
492,2025-02-28 03:00:00,supply,5.85
493,2025-02-28 03:15:00,supply,6.75
494,2025-02-28 03:30:00,supply,6.75
495,2025-02-28 03:45:00,supply,5.85
496,2025-02-28 04:00:00,supply,6.75
497,2025-02-28 04:15:00,supply,6.75
498,2025-02-28 04:30:00,supply,6.3
499,2025-02-28 04:45:00,supply,5.85
500,2025-02-28 05:00:00,supply,6.3
501,2025-02-28 05:15:00,supply,6.75
502,2025-02-28 05:30:00,supply,6.75
503,2025-02-28 05:45:00,supply,6.3
504,2025-02-28 06:00:00,supply,7.2
505,2025-02-28 06:15:00,supply,7.65
506,2025-02-28 06:30:00,supply,7.65
507,2025-02-28 06:45:00,supply,7.65
508,2025-02-28 07:00:00,supply,7.65
509,2025-02-28 07:15:00,supply,8.1
510,2025-02-28 07:30:00,supply,8.1
511,2025-02-28 07:45:00,supply,8.55
512,2025-02-28 08:00:00,supply,8.1
513,2025-02-28 08:15:00,supply,7.65
514,2025-02-28 08:30:00,supply,7.65
515,2025-02-28 08:45:00,supply,6.75
516,2025-02-28 09:00:00,supply,6.75
517,2025-02-28 09:15:00,supply,6.3
518,2025-02-28 09:30:00,supply,5.85
519,2025-02-28 09:45:00,supply,5.4
520,2025-02-28 10:00:00,supply,4.05
521,2025-02-28 10:15:00,supply,0.0
522,2025-02-28 10:30:00,supply,0.0
523,2025-02-28 10:45:00,supply,0.9
524,2025-02-28 11:00:00,supply,0.9
525,2025-02-28 11:15:00,supply,0.45
526,2025-02-28 11:30:00,supply,0.0
527,2025-02-28 11:45:00,supply,0.0
528,2025-02-28 12:00:00,supply,0.0
529,2025-02-28 12:15:00,supply,0.0
530,2025-02-28 12:30:00,supply,0.45
531,2025-02-28 12:45:00,supply,0.45
532,2025-02-28 13:00:00,supply,0.45
533,2025-02-28 13:15:00,supply,0.0
534,2025-02-28 13:30:00,supply,0.45
535,2025-02-28 13:45:00,supply,0.0
536,2025-02-28 14:00:00,supply,0.0
537,2025-02-28 14:15:00,supply,0.0
538,2025-02-28 14:30:00,supply,0.45
539,2025-02-28 14:45:00,supply,0.9
540,2025-02-28 15:00:00,supply,0.9
541,2025-02-28 15:15:00,supply,2.7
542,2025-02-28 15:30:00,supply,1.35
543,2025-02-28 15:45:00,supply,1.8
544,2025-02-28 16:00:00,supply,0.9
545,2025-02-28 16:15:00,supply,1.8
546,2025-02-28 16:30:00,supply,4.5
547,2025-02-28 16:45:00,supply,4.05
548,2025-02-28 17:00:00,supply,2.7
549,2025-02-28 17:15:00,supply,4.5
550,2025-02-28 17:30:00,supply,4.05
551,2025-02-28 17:45:00,supply,5.4
552,2025-02-28 18:00:00,supply,6.75
553,2025-02-28 18:15:00,supply,6.75
554,2025-02-28 18:30:00,supply,6.75
555,2025-02-28 18:45:00,supply,5.85
556,2025-02-28 19:00:00,supply,6.75
557,2025-02-28 19:15:00,supply,7.65
558,2025-02-28 19:30:00,supply,7.65
559,2025-02-28 19:45:00,supply,7.2
560,2025-02-28 20:00:00,supply,7.65
561,2025-02-28 20:15:00,supply,7.2
562,2025-02-28 20:30:00,supply,7.2
563,2025-02-28 20:45:00,supply,7.2
564,2025-02-28 21:00:00,supply,7.65
565,2025-02-28 21:15:00,supply,7.2
566,2025-02-28 21:30:00,supply,6.75
567,2025-02-28 21:45:00,supply,7.2
568,2025-02-28 22:00:00,supply,7.2
569,2025-02-28 22:15:00,supply,6.3
570,2025-02-28 22:30:00,supply,5.4
571,2025-02-28 22:45:00,supply,4.95
572,2025-02-28 23:00:00,supply,4.95
573,2025-02-28 23:15:00,supply,5.4
574,2025-02-28 23:30:00,supply,5.4
575,2025-02-28 23:45:00,supply,5.4
576,2025-03-01 00:00:00,supply,5.85
577,2025-03-01 00:15:00,supply,5.85
578,2025-03-01 00:30:00,supply,6.3
579,2025-03-01 00:45:00,supply,5.85
580,2025-03-01 01:00:00,supply,4.95
581,2025-03-01 01:15:00,supply,5.4
582,2025-03-01 01:30:00,supply,4.95
583,2025-03-01 01:45:00,supply,4.95
584,2025-03-01 02:00:00,supply,5.4
585,2025-03-01 02:15:00,supply,6.75
586,2025-03-01 02:30:00,supply,6.3
587,2025-03-01 02:45:00,supply,5.85
588,2025-03-01 03:00:00,supply,5.85
589,2025-03-01 03:15:00,supply,7.2
590,2025-03-01 03:30:00,supply,6.75
591,2025-03-01 03:45:00,supply,6.75
592,2025-03-01 04:00:00,supply,6.3
593,2025-03-01 04:15:00,supply,6.3
594,2025-03-01 04:30:00,supply,6.3
595,2025-03-01 04:45:00,supply,6.3
596,2025-03-01 05:00:00,supply,6.3
597,2025-03-01 05:15:00,supply,6.3
598,2025-03-01 05:30:00,supply,6.3
599,2025-03-01 05:45:00,supply,6.75
600,2025-03-01 06:00:00,supply,6.75
601,2025-03-01 06:15:00,supply,7.2
602,2025-03-01 06:30:00,supply,7.65
603,2025-03-01 06:45:00,supply,7.2
604,2025-03-01 07:00:00,supply,7.2
605,2025-03-01 07:15:00,supply,7.65
606,2025-03-01 07:30:00,supply,7.65
607,2025-03-01 07:45:00,supply,7.2
608,2025-03-01 08:00:00,supply,6.75
609,2025-03-01 08:15:00,supply,7.2
610,2025-03-01 08:30:00,supply,6.75
611,2025-03-01 08:45:00,supply,6.3
612,2025-03-01 09:00:00,supply,6.75
613,2025-03-01 09:15:00,supply,4.5
614,2025-03-01 09:30:00,supply,3.6
615,2025-03-01 09:45:00,supply,2.25
616,2025-03-01 10:00:00,supply,1.35
617,2025-03-01 10:15:00,supply,0.0
618,2025-03-01 10:30:00,supply,0.45
619,2025-03-01 10:45:00,supply,1.35
620,2025-03-01 11:00:00,supply,0.0
621,2025-03-01 11:15:00,supply,0.0
622,2025-03-01 11:30:00,supply,0.0
623,2025-03-01 11:45:00,supply,0.0
624,2025-03-01 12:00:00,supply,0.0
625,2025-03-01 12:15:00,supply,0.9
626,2025-03-01 12:30:00,supply,0.9
627,2025-03-01 12:45:00,supply,0.0
628,2025-03-01 13:00:00,supply,0.0
629,2025-03-01 13:15:00,supply,0.0
630,2025-03-01 13:30:00,supply,0.45
631,2025-03-01 13:45:00,supply,0.0
632,2025-03-01 14:00:00,supply,0.0
633,2025-03-01 14:15:00,supply,0.0
634,2025-03-01 14:30:00,supply,0.45
635,2025-03-01 14:45:00,supply,0.0
636,2025-03-01 15:00:00,supply,0.0
637,2025-03-01 15:15:00,supply,0.45
638,2025-03-01 15:30:00,supply,0.0
639,2025-03-01 15:45:00,supply,0.0
640,2025-03-01 16:00:00,supply,0.45
641,2025-03-01 16:15:00,supply,0.0
642,2025-03-01 16:30:00,supply,0.0
643,2025-03-01 16:45:00,supply,2.25
644,2025-03-01 17:00:00,supply,4.5
645,2025-03-01 17:15:00,supply,4.05
646,2025-03-01 17:30:00,supply,3.15
647,2025-03-01 17:45:00,supply,3.15
648,2025-03-01 18:00:00,supply,5.4
649,2025-03-01 18:15:00,supply,6.75
650,2025-03-01 18:30:00,supply,5.85
651,2025-03-01 18:45:00,supply,7.65
652,2025-03-01 19:00:00,supply,7.2
653,2025-03-01 19:15:00,supply,6.75
654,2025-03-01 19:30:00,supply,7.65
655,2025-03-01 19:45:00,supply,6.3
656,2025-03-01 20:00:00,supply,6.3
657,2025-03-01 20:15:00,supply,5.85
658,2025-03-01 20:30:00,supply,6.3
659,2025-03-01 20:45:00,supply,5.85
660,2025-03-01 21:00:00,supply,6.3
661,2025-03-01 21:15:00,supply,6.3
662,2025-03-01 21:30:00,supply,6.75
663,2025-03-01 21:45:00,supply,7.2
664,2025-03-01 22:00:00,supply,6.3
665,2025-03-01 22:15:00,supply,6.75
666,2025-03-01 22:30:00,supply,5.85
667,2025-03-01 22:45:00,supply,4.95
668,2025-03-01 23:00:00,supply,4.95
669,2025-03-01 23:15:00,supply,4.95
670,2025-03-01 23:30:00,supply,5.4
671,2025-03-01 23:45:00,supply,4.95
672,2025-03-02 00:00:00,supply,6.3
673,2025-03-02 00:15:00,supply,5.85
674,2025-03-02 00:30:00,supply,6.3
675,2025-03-02 00:45:00,supply,6.3
676,2025-03-02 01:00:00,supply,5.85
677,2025-03-02 01:15:00,supply,6.3
678,2025-03-02 01:30:00,supply,5.85
679,2025-03-02 01:45:00,supply,5.85
680,2025-03-02 02:00:00,supply,6.3
681,2025-03-02 02:15:00,supply,6.3
682,2025-03-02 02:30:00,supply,5.4
683,2025-03-02 02:45:00,supply,5.85
684,2025-03-02 03:00:00,supply,5.85
685,2025-03-02 03:15:00,supply,7.2
686,2025-03-02 03:30:00,supply,6.75
687,2025-03-02 03:45:00,supply,6.75
688,2025-03-02 04:00:00,supply,5.85
689,2025-03-02 04:15:00,supply,6.3
690,2025-03-02 04:30:00,supply,6.3
691,2025-03-02 04:45:00,supply,5.85
692,2025-03-02 05:00:00,supply,6.3
693,2025-03-02 05:15:00,supply,6.3
694,2025-03-02 05:30:00,supply,6.3
695,2025-03-02 05:45:00,supply,6.75
696,2025-03-02 06:00:00,supply,6.75
697,2025-03-02 06:15:00,supply,8.1
698,2025-03-02 06:30:00,supply,6.75
699,2025-03-02 06:45:00,supply,7.2
700,2025-03-02 07:00:00,supply,6.75
701,2025-03-02 07:15:00,supply,7.2
702,2025-03-02 07:30:00,supply,7.2
703,2025-03-02 07:45:00,supply,8.1
704,2025-03-02 08:00:00,supply,6.75
705,2025-03-02 08:15:00,supply,5.4
706,2025-03-02 08:30:00,supply,4.5
707,2025-03-02 08:45:00,supply,4.05
708,2025-03-02 09:00:00,supply,3.15
709,2025-03-02 09:15:00,supply,5.85
710,2025-03-02 09:30:00,supply,5.85
711,2025-03-02 09:45:00,supply,6.3
712,2025-03-02 10:00:00,supply,3.6
713,2025-03-02 10:15:00,supply,0.0
714,2025-03-02 10:30:00,supply,1.35
715,2025-03-02 10:45:00,supply,0.45
716,2025-03-02 11:00:00,supply,2.25
717,2025-03-02 11:15:00,supply,3.15
718,2025-03-02 11:30:00,supply,0.0
719,2025-03-02 11:45:00,supply,3.6
720,2025-03-02 12:00:00,supply,7.2
721,2025-03-02 12:15:00,supply,6.3
722,2025-03-02 12:30:00,supply,2.7
723,2025-03-02 12:45:00,supply,4.5
724,2025-03-02 13:00:00,supply,4.95
725,2025-03-02 13:15:00,supply,4.95
726,2025-03-02 13:30:00,supply,4.95
727,2025-03-02 13:45:00,supply,6.3
728,2025-03-02 14:00:00,supply,6.75
729,2025-03-02 14:15:00,supply,5.4
730,2025-03-02 14:30:00,supply,3.6
731,2025-03-02 14:45:00,supply,4.5
732,2025-03-02 15:00:00,supply,4.95
733,2025-03-02 15:15:00,supply,1.8
734,2025-03-02 15:30:00,supply,2.25
735,2025-03-02 15:45:00,supply,2.25
736,2025-03-02 16:00:00,supply,0.0
737,2025-03-02 16:15:00,supply,2.25
738,2025-03-02 16:30:00,supply,2.25
739,2025-03-02 16:45:00,supply,0.0
740,2025-03-02 17:00:00,supply,0.0
741,2025-03-02 17:15:00,supply,0.45
742,2025-03-02 17:30:00,supply,1.35
743,2025-03-02 17:45:00,supply,3.15
744,2025-03-02 18:00:00,supply,4.95
745,2025-03-02 18:15:00,supply,5.85
746,2025-03-02 18:30:00,supply,5.85
747,2025-03-02 18:45:00,supply,6.75
748,2025-03-02 19:00:00,supply,6.3
749,2025-03-02 19:15:00,supply,6.3
750,2025-03-02 19:30:00,supply,6.75
751,2025-03-02 19:45:00,supply,6.3
752,2025-03-02 20:00:00,supply,5.4
753,2025-03-02 20:15:00,supply,5.4
754,2025-03-02 20:30:00,supply,5.4
755,2025-03-02 20:45:00,supply,5.4
756,2025-03-02 21:00:00,supply,5.4
757,2025-03-02 21:15:00,supply,5.4
758,2025-03-02 21:30:00,supply,5.4
759,2025-03-02 21:45:00,supply,5.85
760,2025-03-02 22:00:00,supply,6.3
761,2025-03-02 22:15:00,supply,6.75
762,2025-03-02 22:30:00,supply,6.3
763,2025-03-02 22:45:00,supply,5.4
764,2025-03-02 23:00:00,supply,4.95
765,2025-03-02 23:15:00,supply,5.4
766,2025-03-02 23:30:00,supply,4.95
767,2025-03-02 23:45:00,supply,4.95
768,2025-03-03 00:00:00,supply,4.95
769,2025-03-03 00:15:00,supply,4.95
770,2025-03-03 00:30:00,supply,5.4
771,2025-03-03 00:45:00,supply,5.85
772,2025-03-03 01:00:00,supply,5.4
773,2025-03-03 01:15:00,supply,5.85
774,2025-03-03 01:30:00,supply,5.85
775,2025-03-03 01:45:00,supply,5.4
776,2025-03-03 02:00:00,supply,5.4
777,2025-03-03 02:15:00,supply,6.3
778,2025-03-03 02:30:00,supply,5.85
779,2025-03-03 02:45:00,supply,5.4
780,2025-03-03 03:00:00,supply,5.85
781,2025-03-03 03:15:00,supply,7.65
782,2025-03-03 03:30:00,supply,7.2
783,2025-03-03 03:45:00,supply,6.75
784,2025-03-03 04:00:00,supply,6.3
785,2025-03-03 04:15:00,supply,6.75
786,2025-03-03 04:30:00,supply,6.75
787,2025-03-03 04:45:00,supply,6.75
788,2025-03-03 05:00:00,supply,5.85
789,2025-03-03 05:15:00,supply,6.75
790,2025-03-03 05:30:00,supply,6.3
791,2025-03-03 05:45:00,supply,6.3
792,2025-03-03 06:00:00,supply,6.75
793,2025-03-03 06:15:00,supply,7.65
794,2025-03-03 06:30:00,supply,7.2
795,2025-03-03 06:45:00,supply,7.2
796,2025-03-03 07:00:00,supply,7.2
797,2025-03-03 07:15:00,supply,7.2
798,2025-03-03 07:30:00,supply,7.65
799,2025-03-03 07:45:00,supply,7.65
800,2025-03-03 08:00:00,supply,7.65
801,2025-03-03 08:15:00,supply,7.2
802,2025-03-03 08:30:00,supply,5.85
803,2025-03-03 08:45:00,supply,4.5
804,2025-03-03 09:00:00,supply,4.05
805,2025-03-03 09:15:00,supply,4.5
806,2025-03-03 09:30:00,supply,4.95
807,2025-03-03 09:45:00,supply,7.65
808,2025-03-03 10:00:00,supply,4.95
809,2025-03-03 10:15:00,supply,7.65
810,2025-03-03 10:30:00,supply,3.6
811,2025-03-03 10:45:00,supply,0.0
812,2025-03-03 11:00:00,supply,3.15
813,2025-03-03 11:15:00,supply,5.4
814,2025-03-03 11:30:00,supply,3.15
815,2025-03-03 11:45:00,supply,0.0
816,2025-03-03 12:00:00,supply,2.7
817,2025-03-03 12:15:00,supply,5.4
818,2025-03-03 12:30:00,supply,4.95
819,2025-03-03 12:45:00,supply,5.4
820,2025-03-03 13:00:00,supply,4.95
821,2025-03-03 13:15:00,supply,2.7
822,2025-03-03 13:30:00,supply,5.85
823,2025-03-03 13:45:00,supply,6.75
824,2025-03-03 14:00:00,supply,6.75
825,2025-03-03 14:15:00,supply,6.75
826,2025-03-03 14:30:00,supply,5.85
827,2025-03-03 14:45:00,supply,2.7
828,2025-03-03 15:00:00,supply,0.0
829,2025-03-03 15:15:00,supply,3.15
830,2025-03-03 15:30:00,supply,3.15
831,2025-03-03 15:45:00,supply,0.0
832,2025-03-03 16:00:00,supply,0.0
833,2025-03-03 16:15:00,supply,2.7
834,2025-03-03 16:30:00,supply,3.6
835,2025-03-03 16:45:00,supply,0.0
836,2025-03-03 17:00:00,supply,0.9
837,2025-03-03 17:15:00,supply,2.25
838,2025-03-03 17:30:00,supply,4.5
839,2025-03-03 17:45:00,supply,5.85
840,2025-03-03 18:00:00,supply,6.3
841,2025-03-03 18:15:00,supply,8.1
842,2025-03-03 18:30:00,supply,7.2
843,2025-03-03 18:45:00,supply,7.2
844,2025-03-03 19:00:00,supply,6.3
845,2025-03-03 19:15:00,supply,6.3
846,2025-03-03 19:30:00,supply,6.75
847,2025-03-03 19:45:00,supply,6.3
848,2025-03-03 20:00:00,supply,7.65
849,2025-03-03 20:15:00,supply,7.65
850,2025-03-03 20:30:00,supply,5.85
851,2025-03-03 20:45:00,supply,5.4
852,2025-03-03 21:00:00,supply,5.85
853,2025-03-03 21:15:00,supply,6.3
854,2025-03-03 21:30:00,supply,5.85
855,2025-03-03 21:45:00,supply,6.75
856,2025-03-03 22:00:00,supply,6.75
857,2025-03-03 22:15:00,supply,8.1
858,2025-03-03 22:30:00,supply,6.3
859,2025-03-03 22:45:00,supply,5.4
860,2025-03-03 23:00:00,supply,5.4
861,2025-03-03 23:15:00,supply,5.4
862,2025-03-03 23:30:00,supply,5.4
863,2025-03-03 23:45:00,supply,5.85
864,2025-03-04 00:00:00,supply,6.3
865,2025-03-04 00:15:00,supply,5.85
866,2025-03-04 00:30:00,supply,5.4
867,2025-03-04 00:45:00,supply,5.4
868,2025-03-04 01:00:00,supply,4.95
869,2025-03-04 01:15:00,supply,4.95
870,2025-03-04 01:30:00,supply,4.95
871,2025-03-04 01:45:00,supply,5.85
872,2025-03-04 02:00:00,supply,7.65
873,2025-03-04 02:15:00,supply,7.65
874,2025-03-04 02:30:00,supply,7.2
875,2025-03-04 02:45:00,supply,6.75
876,2025-03-04 03:00:00,supply,7.65
877,2025-03-04 03:15:00,supply,8.1
878,2025-03-04 03:30:00,supply,8.55
879,2025-03-04 03:45:00,supply,7.65
880,2025-03-04 04:00:00,supply,8.1
881,2025-03-04 04:15:00,supply,6.75
882,2025-03-04 04:30:00,supply,6.75
883,2025-03-04 04:45:00,supply,6.3
884,2025-03-04 05:00:00,supply,7.65
885,2025-03-04 05:15:00,supply,8.1
886,2025-03-04 05:30:00,supply,8.1
887,2025-03-04 05:45:00,supply,8.1
888,2025-03-04 06:00:00,supply,7.65
889,2025-03-04 06:15:00,supply,8.55
890,2025-03-04 06:30:00,supply,8.1
891,2025-03-04 06:45:00,supply,9.0
892,2025-03-04 07:00:00,supply,8.55
893,2025-03-04 07:15:00,supply,8.1
894,2025-03-04 07:30:00,supply,7.65
895,2025-03-04 07:45:00,supply,7.2
896,2025-03-04 08:00:00,supply,6.3
897,2025-03-04 08:15:00,supply,7.2
898,2025-03-04 08:30:00,supply,6.75
899,2025-03-04 08:45:00,supply,5.4
900,2025-03-04 09:00:00,supply,4.5
901,2025-03-04 09:15:00,supply,1.35
902,2025-03-04 09:30:00,supply,0.0
903,2025-03-04 09:45:00,supply,0.0
904,2025-03-04 10:00:00,supply,0.0
905,2025-03-04 10:15:00,supply,3.15
906,2025-03-04 10:30:00,supply,3.15
907,2025-03-04 10:45:00,supply,1.8
908,2025-03-04 11:00:00,supply,4.05
909,2025-03-04 11:15:00,supply,2.25
910,2025-03-04 11:30:00,supply,3.15
911,2025-03-04 11:45:00,supply,2.25
912,2025-03-04 12:00:00,supply,3.6
913,2025-03-04 12:15:00,supply,3.15
914,2025-03-04 12:30:00,supply,2.7
915,2025-03-04 12:45:00,supply,2.25
916,2025-03-04 13:00:00,supply,4.95
917,2025-03-04 13:15:00,supply,4.05
918,2025-03-04 13:30:00,supply,3.6
919,2025-03-04 13:45:00,supply,2.25
920,2025-03-04 14:00:00,supply,3.6
921,2025-03-04 14:15:00,supply,4.05
922,2025-03-04 14:30:00,supply,2.25
923,2025-03-04 14:45:00,supply,0.0
924,2025-03-04 15:00:00,supply,0.0
925,2025-03-04 15:15:00,supply,1.8
926,2025-03-04 15:30:00,supply,2.7
927,2025-03-04 15:45:00,supply,0.0
928,2025-03-04 16:00:00,supply,0.0
929,2025-03-04 16:15:00,supply,0.0
930,2025-03-04 16:30:00,supply,0.0
931,2025-03-04 16:45:00,supply,0.0
932,2025-03-04 17:00:00,supply,0.9
933,2025-03-04 17:15:00,supply,2.7
934,2025-03-04 17:30:00,supply,7.2
935,2025-03-04 17:45:00,supply,7.65
936,2025-03-04 18:00:00,supply,8.55
937,2025-03-04 18:15:00,supply,9.9
938,2025-03-04 18:30:00,supply,9.9
939,2025-03-04 18:45:00,supply,9.45
940,2025-03-04 19:00:00,supply,9.9
941,2025-03-04 19:15:00,supply,8.1
942,2025-03-04 19:30:00,supply,8.1
943,2025-03-04 19:45:00,supply,7.65
944,2025-03-04 20:00:00,supply,8.1
945,2025-03-04 20:15:00,supply,7.65
946,2025-03-04 20:30:00,supply,7.65
947,2025-03-04 20:45:00,supply,8.1
948,2025-03-04 21:00:00,supply,8.1
949,2025-03-04 21:15:00,supply,7.2
950,2025-03-04 21:30:00,supply,7.2
951,2025-03-04 21:45:00,supply,5.85
952,2025-03-04 22:00:00,supply,5.85
953,2025-03-04 22:15:00,supply,5.85
954,2025-03-04 22:30:00,supply,5.4
955,2025-03-04 22:45:00,supply,6.3
956,2025-03-04 23:00:00,supply,6.75
957,2025-03-04 23:15:00,supply,5.85
958,2025-03-04 23:30:00,supply,6.3
959,2025-03-04 23:45:00,supply,6.3
960,2025-03-05 00:00:00,supply,6.3
961,2025-03-05 00:15:00,supply,5.85
962,2025-03-05 00:30:00,supply,5.85
963,2025-03-05 00:45:00,supply,7.2
964,2025-03-05 01:00:00,supply,6.75
965,2025-03-05 01:15:00,supply,5.4
966,2025-03-05 01:30:00,supply,5.4
967,2025-03-05 01:45:00,supply,5.4
968,2025-03-05 02:00:00,supply,5.85
969,2025-03-05 02:15:00,supply,7.65
970,2025-03-05 02:30:00,supply,6.3
971,2025-03-05 02:45:00,supply,6.75
972,2025-03-05 03:00:00,supply,5.85
973,2025-03-05 03:15:00,supply,6.75
974,2025-03-05 03:30:00,supply,7.2
975,2025-03-05 03:45:00,supply,8.55
976,2025-03-05 04:00:00,supply,6.75
977,2025-03-05 04:15:00,supply,6.75
978,2025-03-05 04:30:00,supply,5.85
979,2025-03-05 04:45:00,supply,5.85
980,2025-03-05 05:00:00,supply,6.3
981,2025-03-05 05:15:00,supply,7.65
982,2025-03-05 05:30:00,supply,7.2
983,2025-03-05 05:45:00,supply,5.4
984,2025-03-05 06:00:00,supply,6.3
985,2025-03-05 06:15:00,supply,6.3
986,2025-03-05 06:30:00,supply,6.75
987,2025-03-05 06:45:00,supply,8.55
988,2025-03-05 07:00:00,supply,9.45
989,2025-03-05 07:15:00,supply,9.0
990,2025-03-05 07:30:00,supply,8.55
991,2025-03-05 07:45:00,supply,8.1
992,2025-03-05 08:00:00,supply,7.65
993,2025-03-05 08:15:00,supply,5.85
994,2025-03-05 08:30:00,supply,4.5
995,2025-03-05 08:45:00,supply,7.65
996,2025-03-05 09:00:00,supply,4.5
997,2025-03-05 09:15:00,supply,6.75
998,2025-03-05 09:30:00,supply,5.4
999,2025-03-05 09:45:00,supply,4.5
1000,2025-03-05 10:00:00,supply,5.4
1001,2025-03-05 10:15:00,supply,6.75
1002,2025-03-05 10:30:00,supply,6.75
1003,2025-03-05 10:45:00,supply,3.6
1004,2025-03-05 11:00:00,supply,5.4
1005,2025-03-05 11:15:00,supply,3.6
1006,2025-03-05 11:30:00,supply,5.4
1007,2025-03-05 11:45:00,supply,5.4
1008,2025-03-05 12:00:00,supply,6.3
1009,2025-03-05 12:15:00,supply,5.85
1010,2025-03-05 12:30:00,supply,4.95
1011,2025-03-05 12:45:00,supply,4.5
1012,2025-03-05 13:00:00,supply,3.6
1013,2025-03-05 13:15:00,supply,4.95
1014,2025-03-05 13:30:00,supply,5.85
1015,2025-03-05 13:45:00,supply,5.4
1016,2025-03-05 14:00:00,supply,4.05
1017,2025-03-05 14:15:00,supply,6.3
1018,2025-03-05 14:30:00,supply,6.3
1019,2025-03-05 14:45:00,supply,3.6
1020,2025-03-05 15:00:00,supply,0.0
1021,2025-03-05 15:15:00,supply,3.15
1022,2025-03-05 15:30:00,supply,5.85
1023,2025-03-05 15:45:00,supply,2.25
1024,2025-03-05 16:00:00,supply,0.0
1025,2025-03-05 16:15:00,supply,8.55
1026,2025-03-05 16:30:00,supply,8.55
1027,2025-03-05 16:45:00,supply,4.5
1028,2025-03-05 17:00:00,supply,0.45
1029,2025-03-05 17:15:00,supply,2.7
1030,2025-03-05 17:30:00,supply,3.15
1031,2025-03-05 17:45:00,supply,4.05
1032,2025-03-05 18:00:00,supply,7.2
1033,2025-03-05 18:15:00,supply,9.0
1034,2025-03-05 18:30:00,supply,6.75
1035,2025-03-05 18:45:00,supply,6.75
1036,2025-03-05 19:00:00,supply,7.2
1037,2025-03-05 19:15:00,supply,6.75
1038,2025-03-05 19:30:00,supply,6.75
1039,2025-03-05 19:45:00,supply,7.65
1040,2025-03-05 20:00:00,supply,8.1
1041,2025-03-05 20:15:00,supply,8.55
1042,2025-03-05 20:30:00,supply,8.1
1043,2025-03-05 20:45:00,supply,7.65
1044,2025-03-05 21:00:00,supply,6.75
1045,2025-03-05 21:15:00,supply,7.2
1046,2025-03-05 21:30:00,supply,8.55
1047,2025-03-05 21:45:00,supply,8.55
1048,2025-03-05 22:00:00,supply,8.55
1049,2025-03-05 22:15:00,supply,8.1
1050,2025-03-05 22:30:00,supply,6.3
1051,2025-03-05 22:45:00,supply,5.4
1052,2025-03-05 23:00:00,supply,5.85
1053,2025-03-05 23:15:00,supply,5.4
1054,2025-03-05 23:30:00,supply,5.4
1055,2025-03-05 23:45:00,supply,6.75
1056,2025-03-06 00:00:00,supply,7.2
1057,2025-03-06 00:15:00,supply,6.75
1058,2025-03-06 00:30:00,supply,7.2
1059,2025-03-06 00:45:00,supply,6.3
1060,2025-03-06 01:00:00,supply,6.75
1061,2025-03-06 01:15:00,supply,6.75
1062,2025-03-06 01:30:00,supply,7.65
1063,2025-03-06 01:45:00,supply,7.65
1064,2025-03-06 02:00:00,supply,7.65
1065,2025-03-06 02:15:00,supply,9.45
1066,2025-03-06 02:30:00,supply,9.0
1067,2025-03-06 02:45:00,supply,7.65
1068,2025-03-06 03:00:00,supply,8.55
1069,2025-03-06 03:15:00,supply,8.1
1070,2025-03-06 03:30:00,supply,7.65
1071,2025-03-06 03:45:00,supply,7.65
1072,2025-03-06 04:00:00,supply,7.65
1073,2025-03-06 04:15:00,supply,9.0
1074,2025-03-06 04:30:00,supply,8.55
1075,2025-03-06 04:45:00,supply,7.2
1076,2025-03-06 05:00:00,supply,6.75
1077,2025-03-06 05:15:00,supply,7.2
1078,2025-03-06 05:30:00,supply,6.75
1079,2025-03-06 05:45:00,supply,6.75
1080,2025-03-06 06:00:00,supply,6.75
1081,2025-03-06 06:15:00,supply,7.2
1082,2025-03-06 06:30:00,supply,6.75
1083,2025-03-06 06:45:00,supply,6.3
1084,2025-03-06 07:00:00,supply,7.65
1085,2025-03-06 07:15:00,supply,8.1
1086,2025-03-06 07:30:00,supply,7.2
1087,2025-03-06 07:45:00,supply,6.75
1088,2025-03-06 08:00:00,supply,5.85
1089,2025-03-06 08:15:00,supply,4.95
1090,2025-03-06 08:30:00,supply,2.25
1091,2025-03-06 08:45:00,supply,0.9
1092,2025-03-06 09:00:00,supply,0.45
1093,2025-03-06 09:15:00,supply,0.0
1094,2025-03-06 09:30:00,supply,0.0
1095,2025-03-06 09:45:00,supply,0.0
1096,2025-03-06 10:00:00,supply,0.0
1097,2025-03-06 10:15:00,supply,0.0
1098,2025-03-06 10:30:00,supply,0.0
1099,2025-03-06 10:45:00,supply,0.0
1100,2025-03-06 11:00:00,supply,4.5
1101,2025-03-06 11:15:00,supply,8.1
1102,2025-03-06 11:30:00,supply,3.6
1103,2025-03-06 11:45:00,supply,0.0
1104,2025-03-06 12:00:00,supply,4.5
1105,2025-03-06 12:15:00,supply,7.2
1106,2025-03-06 12:30:00,supply,12.6
1107,2025-03-06 12:45:00,supply,12.6
1108,2025-03-06 13:00:00,supply,13.5
1109,2025-03-06 13:15:00,supply,12.15
1110,2025-03-06 13:30:00,supply,7.65
1111,2025-03-06 13:45:00,supply,13.5
1112,2025-03-06 14:00:00,supply,13.5
1113,2025-03-06 14:15:00,supply,14.4
1114,2025-03-06 14:30:00,supply,14.85
1115,2025-03-06 14:45:00,supply,6.75
1116,2025-03-06 15:00:00,supply,2.7
1117,2025-03-06 15:15:00,supply,7.65
1118,2025-03-06 15:30:00,supply,8.55
1119,2025-03-06 15:45:00,supply,8.55
1120,2025-03-06 16:00:00,supply,11.25
1121,2025-03-06 16:15:00,supply,11.25
1122,2025-03-06 16:30:00,supply,9.0
1123,2025-03-06 16:45:00,supply,3.6
1124,2025-03-06 17:00:00,supply,8.55
1125,2025-03-06 17:15:00,supply,11.7
1126,2025-03-06 17:30:00,supply,13.05
1127,2025-03-06 17:45:00,supply,16.2
1128,2025-03-06 18:00:00,supply,16.2
1129,2025-03-06 18:15:00,supply,16.2
1130,2025-03-06 18:30:00,supply,16.2
1131,2025-03-06 18:45:00,supply,16.65
1132,2025-03-06 19:00:00,supply,16.2
1133,2025-03-06 19:15:00,supply,17.55
1134,2025-03-06 19:30:00,supply,16.65
1135,2025-03-06 19:45:00,supply,18.0
1136,2025-03-06 20:00:00,supply,17.1
1137,2025-03-06 20:15:00,supply,16.65
1138,2025-03-06 20:30:00,supply,16.2
1139,2025-03-06 20:45:00,supply,16.65
1140,2025-03-06 21:00:00,supply,17.1
1141,2025-03-06 21:15:00,supply,17.1
1142,2025-03-06 21:30:00,supply,17.1
1143,2025-03-06 21:45:00,supply,18.9
1144,2025-03-06 22:00:00,supply,18.9
1145,2025-03-06 22:15:00,supply,18.0
1146,2025-03-06 22:30:00,supply,18.45
1147,2025-03-06 22:45:00,supply,18.45
1148,2025-03-06 23:00:00,supply,18.45
1149,2025-03-06 23:15:00,supply,17.55
1150,2025-03-06 23:30:00,supply,17.55
1151,2025-03-06 23:45:00,supply,18.0
1152,2025-03-07 00:00:00,supply,18.0
1153,2025-03-07 00:15:00,supply,16.65
1154,2025-03-07 00:30:00,supply,16.65
1155,2025-03-07 00:45:00,supply,16.65
1156,2025-03-07 01:00:00,supply,18.45
1157,2025-03-07 01:15:00,supply,18.45
1158,2025-03-07 01:30:00,supply,16.2
1159,2025-03-07 01:45:00,supply,15.3
1160,2025-03-07 02:00:00,supply,15.3
1161,2025-03-07 02:15:00,supply,14.85
1162,2025-03-07 02:30:00,supply,15.75
1163,2025-03-07 02:45:00,supply,15.75
1164,2025-03-07 03:00:00,supply,15.75
1165,2025-03-07 03:15:00,supply,15.75
1166,2025-03-07 03:30:00,supply,14.85
1167,2025-03-07 03:45:00,supply,14.4
1168,2025-03-07 04:00:00,supply,14.85
1169,2025-03-07 04:15:00,supply,16.65
1170,2025-03-07 04:30:00,supply,16.2
1171,2025-03-07 04:45:00,supply,15.75
1172,2025-03-07 05:00:00,supply,13.95
1173,2025-03-07 05:15:00,supply,14.4
1174,2025-03-07 05:30:00,supply,14.85
1175,2025-03-07 05:45:00,supply,14.85
1176,2025-03-07 06:00:00,supply,14.85
1177,2025-03-07 06:15:00,supply,14.4
1178,2025-03-07 06:30:00,supply,14.4
1179,2025-03-07 06:45:00,supply,15.3
1180,2025-03-07 07:00:00,supply,15.75
1181,2025-03-07 07:15:00,supply,16.2
1182,2025-03-07 07:30:00,supply,17.1
1183,2025-03-07 07:45:00,supply,17.55
1184,2025-03-07 08:00:00,supply,17.1
1185,2025-03-07 08:15:00,supply,13.5
1186,2025-03-07 08:30:00,supply,10.35
1187,2025-03-07 08:45:00,supply,8.1
1188,2025-03-07 09:00:00,supply,6.3
1189,2025-03-07 09:15:00,supply,11.25
1190,2025-03-07 09:30:00,supply,9.0
1191,2025-03-07 09:45:00,supply,0.9
1192,2025-03-07 10:00:00,supply,0.45
1193,2025-03-07 10:15:00,supply,0.0
1194,2025-03-07 10:30:00,supply,0.0
1195,2025-03-07 10:45:00,supply,0.0
1196,2025-03-07 11:00:00,supply,8.1
1197,2025-03-07 11:15:00,supply,7.2
1198,2025-03-07 11:30:00,supply,0.0
1199,2025-03-07 11:45:00,supply,0.0
1200,2025-03-07 12:00:00,supply,0.0
1201,2025-03-07 12:15:00,supply,6.3
1202,2025-03-07 12:30:00,supply,4.5
1203,2025-03-07 12:45:00,supply,11.7
1204,2025-03-07 13:00:00,supply,5.4
1205,2025-03-07 13:15:00,supply,6.75
1206,2025-03-07 13:30:00,supply,5.4
1207,2025-03-07 13:45:00,supply,0.0
1208,2025-03-07 14:00:00,supply,6.3
1209,2025-03-07 14:15:00,supply,12.6
1210,2025-03-07 14:30:00,supply,14.85
1211,2025-03-07 14:45:00,supply,7.2
1212,2025-03-07 15:00:00,supply,0.0
1213,2025-03-07 15:15:00,supply,0.0
1214,2025-03-07 15:30:00,supply,0.0
1215,2025-03-07 15:45:00,supply,0.0
1216,2025-03-07 16:00:00,supply,0.0
1217,2025-03-07 16:15:00,supply,7.65
1218,2025-03-07 16:30:00,supply,4.05
1219,2025-03-07 16:45:00,supply,6.3
1220,2025-03-07 17:00:00,supply,8.55
1221,2025-03-07 17:15:00,supply,10.35
1222,2025-03-07 17:30:00,supply,12.15
1223,2025-03-07 17:45:00,supply,13.95
1224,2025-03-07 18:00:00,supply,13.95
1225,2025-03-07 18:15:00,supply,14.4
1226,2025-03-07 18:30:00,supply,13.5
1227,2025-03-07 18:45:00,supply,14.85
1228,2025-03-07 19:00:00,supply,14.4
1229,2025-03-07 19:15:00,supply,14.85
1230,2025-03-07 19:30:00,supply,13.95
1231,2025-03-07 19:45:00,supply,14.85
1232,2025-03-07 20:00:00,supply,13.95
1233,2025-03-07 20:15:00,supply,13.05
1234,2025-03-07 20:30:00,supply,13.05
1235,2025-03-07 20:45:00,supply,12.6
1236,2025-03-07 21:00:00,supply,13.5
1237,2025-03-07 21:15:00,supply,14.85
1238,2025-03-07 21:30:00,supply,14.4
1239,2025-03-07 21:45:00,supply,13.95
1240,2025-03-07 22:00:00,supply,13.5
1241,2025-03-07 22:15:00,supply,12.15
1242,2025-03-07 22:30:00,supply,12.15
1243,2025-03-07 22:45:00,supply,13.05
1244,2025-03-07 23:00:00,supply,12.15
1245,2025-03-07 23:15:00,supply,11.7
1246,2025-03-07 23:30:00,supply,12.15
1247,2025-03-07 23:45:00,supply,11.25
1248,2025-03-08 00:00:00,supply,12.15
1249,2025-03-08 00:15:00,supply,11.7
1250,2025-03-08 00:30:00,supply,11.25
1251,2025-03-08 00:45:00,supply,11.7
1252,2025-03-08 01:00:00,supply,11.7
1253,2025-03-08 01:15:00,supply,11.25
1254,2025-03-08 01:30:00,supply,11.7
1255,2025-03-08 01:45:00,supply,11.25
1256,2025-03-08 02:00:00,supply,11.7
1257,2025-03-08 02:15:00,supply,12.6
1258,2025-03-08 02:30:00,supply,13.5
1259,2025-03-08 02:45:00,supply,13.05
1260,2025-03-08 03:00:00,supply,13.05
1261,2025-03-08 03:15:00,supply,12.6
1262,2025-03-08 03:30:00,supply,13.05
1263,2025-03-08 03:45:00,supply,13.05
1264,2025-03-08 04:00:00,supply,13.05
1265,2025-03-08 04:15:00,supply,14.85
1266,2025-03-08 04:30:00,supply,14.4
1267,2025-03-08 04:45:00,supply,13.95
1268,2025-03-08 05:00:00,supply,15.3
1269,2025-03-08 05:15:00,supply,16.65
1270,2025-03-08 05:30:00,supply,16.65
1271,2025-03-08 05:45:00,supply,15.75
1272,2025-03-08 06:00:00,supply,16.2
1273,2025-03-08 06:15:00,supply,16.65
1274,2025-03-08 06:30:00,supply,16.65
1275,2025-03-08 06:45:00,supply,17.1
1276,2025-03-08 07:00:00,supply,16.2
1277,2025-03-08 07:15:00,supply,16.65
1278,2025-03-08 07:30:00,supply,17.55
1279,2025-03-08 07:45:00,supply,15.75
1280,2025-03-08 08:00:00,supply,13.5
1281,2025-03-08 08:15:00,supply,14.4
1282,2025-03-08 08:30:00,supply,13.5
1283,2025-03-08 08:45:00,supply,9.0
1284,2025-03-08 09:00:00,supply,7.65
1285,2025-03-08 09:15:00,supply,2.7
1286,2025-03-08 09:30:00,supply,0.9
1287,2025-03-08 09:45:00,supply,0.0
1288,2025-03-08 10:00:00,supply,0.0
1289,2025-03-08 10:15:00,supply,0.0
1290,2025-03-08 10:30:00,supply,0.0
1291,2025-03-08 10:45:00,supply,0.0
1292,2025-03-08 11:00:00,supply,7.2
1293,2025-03-08 11:15:00,supply,7.65
1294,2025-03-08 11:30:00,supply,7.2
1295,2025-03-08 11:45:00,supply,11.25
1296,2025-03-08 12:00:00,supply,12.6
1297,2025-03-08 12:15:00,supply,12.15
1298,2025-03-08 12:30:00,supply,12.15
1299,2025-03-08 12:45:00,supply,12.6
1300,2025-03-08 13:00:00,supply,12.6
1301,2025-03-08 13:15:00,supply,7.2
1302,2025-03-08 13:30:00,supply,9.9
1303,2025-03-08 13:45:00,supply,9.9
1304,2025-03-08 14:00:00,supply,11.25
1305,2025-03-08 14:15:00,supply,10.8
1306,2025-03-08 14:30:00,supply,14.4
1307,2025-03-08 14:45:00,supply,7.65
1308,2025-03-08 15:00:00,supply,0.0
1309,2025-03-08 15:15:00,supply,9.45
1310,2025-03-08 15:30:00,supply,9.0
1311,2025-03-08 15:45:00,supply,0.0
1312,2025-03-08 16:00:00,supply,0.0
1313,2025-03-08 16:15:00,supply,8.1
1314,2025-03-08 16:30:00,supply,12.6
1315,2025-03-08 16:45:00,supply,9.0
1316,2025-03-08 17:00:00,supply,6.3
1317,2025-03-08 17:15:00,supply,9.45
1318,2025-03-08 17:30:00,supply,11.25
1319,2025-03-08 17:45:00,supply,13.05
1320,2025-03-08 18:00:00,supply,13.95
1321,2025-03-08 18:15:00,supply,14.4
1322,2025-03-08 18:30:00,supply,14.4
1323,2025-03-08 18:45:00,supply,14.4
1324,2025-03-08 19:00:00,supply,14.85
1325,2025-03-08 19:15:00,supply,15.75
1326,2025-03-08 19:30:00,supply,14.85
1327,2025-03-08 19:45:00,supply,13.95
1328,2025-03-08 20:00:00,supply,13.5
1329,2025-03-08 20:15:00,supply,13.95
1330,2025-03-08 20:30:00,supply,13.95
1331,2025-03-08 20:45:00,supply,14.4
1332,2025-03-08 21:00:00,supply,13.95
1333,2025-03-08 21:15:00,supply,12.15
1334,2025-03-08 21:30:00,supply,11.7
1335,2025-03-08 21:45:00,supply,12.15
1336,2025-03-08 22:00:00,supply,11.7
1337,2025-03-08 22:15:00,supply,11.7
1338,2025-03-08 22:30:00,supply,11.7
1339,2025-03-08 22:45:00,supply,11.25
1340,2025-03-08 23:00:00,supply,11.7
1341,2025-03-08 23:15:00,supply,11.25
1342,2025-03-08 23:30:00,supply,11.7
1343,2025-03-08 23:45:00,supply,12.15
1344,2025-03-09 00:00:00,supply,11.7
1345,2025-03-09 00:15:00,supply,11.7
1346,2025-03-09 00:30:00,supply,11.25
1347,2025-03-09 00:45:00,supply,12.15
1348,2025-03-09 01:00:00,supply,11.25
1349,2025-03-09 01:15:00,supply,11.7
1350,2025-03-09 01:30:00,supply,11.7
1351,2025-03-09 01:45:00,supply,11.25
1352,2025-03-09 02:00:00,supply,12.15
1353,2025-03-09 02:15:00,supply,13.5
1354,2025-03-09 02:30:00,supply,13.5
1355,2025-03-09 02:45:00,supply,13.05
1356,2025-03-09 03:00:00,supply,13.5
1357,2025-03-09 03:15:00,supply,13.95
1358,2025-03-09 03:30:00,supply,13.95
1359,2025-03-09 03:45:00,supply,13.5
1360,2025-03-09 04:00:00,supply,12.15
1361,2025-03-09 04:15:00,supply,12.6
1362,2025-03-09 04:30:00,supply,12.6
1363,2025-03-09 04:45:00,supply,12.15
1364,2025-03-09 05:00:00,supply,12.6
1365,2025-03-09 05:15:00,supply,13.95
1366,2025-03-09 05:30:00,supply,13.95
1367,2025-03-09 05:45:00,supply,13.5
1368,2025-03-09 06:00:00,supply,13.5
1369,2025-03-09 06:15:00,supply,13.95
1370,2025-03-09 06:30:00,supply,13.5
1371,2025-03-09 06:45:00,supply,13.5
1372,2025-03-09 07:00:00,supply,13.5
1373,2025-03-09 07:15:00,supply,14.85
1374,2025-03-09 07:30:00,supply,15.75
1375,2025-03-09 07:45:00,supply,14.85
1376,2025-03-09 08:00:00,supply,13.05
1377,2025-03-09 08:15:00,supply,12.6
1378,2025-03-09 08:30:00,supply,10.8
1379,2025-03-09 08:45:00,supply,7.65
1380,2025-03-09 09:00:00,supply,14.4
1381,2025-03-09 09:15:00,supply,6.75
1382,2025-03-09 09:30:00,supply,0.45
1383,2025-03-09 09:45:00,supply,0.0
1384,2025-03-09 10:00:00,supply,0.0
1385,2025-03-09 10:15:00,supply,0.0
1386,2025-03-09 10:30:00,supply,0.0
1387,2025-03-09 10:45:00,supply,0.0
1388,2025-03-09 11:00:00,supply,1.35
1389,2025-03-09 11:15:00,supply,6.3
1390,2025-03-09 11:30:00,supply,0.0
1391,2025-03-09 11:45:00,supply,0.0
1392,2025-03-09 12:00:00,supply,0.0
1393,2025-03-09 12:15:00,supply,0.0
1394,2025-03-09 12:30:00,supply,0.0
1395,2025-03-09 12:45:00,supply,0.0
1396,2025-03-09 13:00:00,supply,0.0
1397,2025-03-09 13:15:00,supply,2.7
1398,2025-03-09 13:30:00,supply,4.95
1399,2025-03-09 13:45:00,supply,7.65
1400,2025-03-09 14:00:00,supply,6.3
1401,2025-03-09 14:15:00,supply,0.0
1402,2025-03-09 14:30:00,supply,0.0
1403,2025-03-09 14:45:00,supply,0.0
1404,2025-03-09 15:00:00,supply,0.0
1405,2025-03-09 15:15:00,supply,0.0
1406,2025-03-09 15:30:00,supply,0.0
1407,2025-03-09 15:45:00,supply,0.0
1408,2025-03-09 16:00:00,supply,0.0
1409,2025-03-09 16:15:00,supply,0.0
1410,2025-03-09 16:30:00,supply,0.0
1411,2025-03-09 16:45:00,supply,0.9
1412,2025-03-09 17:00:00,supply,3.15
1413,2025-03-09 17:15:00,supply,6.3
1414,2025-03-09 17:30:00,supply,7.65
1415,2025-03-09 17:45:00,supply,9.0
1416,2025-03-09 18:00:00,supply,11.7
1417,2025-03-09 18:15:00,supply,11.7
1418,2025-03-09 18:30:00,supply,11.7
1419,2025-03-09 18:45:00,supply,12.6
1420,2025-03-09 19:00:00,supply,13.5
1421,2025-03-09 19:15:00,supply,12.6
1422,2025-03-09 19:30:00,supply,12.6
1423,2025-03-09 19:45:00,supply,12.6
1424,2025-03-09 20:00:00,supply,12.6
1425,2025-03-09 20:15:00,supply,12.6
1426,2025-03-09 20:30:00,supply,13.05
1427,2025-03-09 20:45:00,supply,13.95
1428,2025-03-09 21:00:00,supply,13.5
1429,2025-03-09 21:15:00,supply,13.95
1430,2025-03-09 21:30:00,supply,13.5
1431,2025-03-09 21:45:00,supply,12.15
1432,2025-03-09 22:00:00,supply,12.15
1433,2025-03-09 22:15:00,supply,13.5
1434,2025-03-09 22:30:00,supply,13.05
1435,2025-03-09 22:45:00,supply,11.7
1436,2025-03-09 23:00:00,supply,11.7
1437,2025-03-09 23:15:00,supply,11.7
1438,2025-03-09 23:30:00,supply,11.7
1439,2025-03-09 23:45:00,supply,11.25
1440,2025-03-10 00:00:00,supply,11.25
1441,2025-02-23 00:00:00,return,0.0
1442,2025-02-23 00:15:00,return,0.0
1443,2025-02-23 00:30:00,return,0.0
1444,2025-02-23 00:45:00,return,0.0
1445,2025-02-23 01:00:00,return,0.0
1446,2025-02-23 01:15:00,return,0.0
1447,2025-02-23 01:30:00,return,0.0
1448,2025-02-23 01:45:00,return,0.0
1449,2025-02-23 02:00:00,return,0.0
1450,2025-02-23 02:15:00,return,0.0
1451,2025-02-23 02:30:00,return,0.0
1452,2025-02-23 02:45:00,return,0.0
1453,2025-02-23 03:00:00,return,0.0
1454,2025-02-23 03:15:00,return,0.0
1455,2025-02-23 03:30:00,return,0.0
1456,2025-02-23 03:45:00,return,0.0
1457,2025-02-23 04:00:00,return,0.0
1458,2025-02-23 04:15:00,return,0.0
1459,2025-02-23 04:30:00,return,0.0
1460,2025-02-23 04:45:00,return,0.0
1461,2025-02-23 05:00:00,return,0.0
1462,2025-02-23 05:15:00,return,0.0
1463,2025-02-23 05:30:00,return,0.0
1464,2025-02-23 05:45:00,return,0.0
1465,2025-02-23 06:00:00,return,0.0
1466,2025-02-23 06:15:00,return,0.0
1467,2025-02-23 06:30:00,return,0.0
1468,2025-02-23 06:45:00,return,0.0
1469,2025-02-23 07:00:00,return,0.0
1470,2025-02-23 07:15:00,return,0.0
1471,2025-02-23 07:30:00,return,0.0
1472,2025-02-23 07:45:00,return,0.0
1473,2025-02-23 08:00:00,return,0.0
1474,2025-02-23 08:15:00,return,0.0
1475,2025-02-23 08:30:00,return,0.0
1476,2025-02-23 08:45:00,return,0.0
1477,2025-02-23 09:00:00,return,0.0
1478,2025-02-23 09:15:00,return,0.0
1479,2025-02-23 09:30:00,return,0.0
1480,2025-02-23 09:45:00,return,0.0
1481,2025-02-23 10:00:00,return,0.0
1482,2025-02-23 10:15:00,return,0.0
1483,2025-02-23 10:30:00,return,0.0
1484,2025-02-23 10:45:00,return,0.0
1485,2025-02-23 11:00:00,return,0.0
1486,2025-02-23 11:15:00,return,0.0
1487,2025-02-23 11:30:00,return,0.0
1488,2025-02-23 11:45:00,return,0.0
1489,2025-02-23 12:00:00,return,0.0
1490,2025-02-23 12:15:00,return,0.0
1491,2025-02-23 12:30:00,return,0.0
1492,2025-02-23 12:45:00,return,0.0
1493,2025-02-23 13:00:00,return,0.0
1494,2025-02-23 13:15:00,return,0.0
1495,2025-02-23 13:30:00,return,0.0
1496,2025-02-23 13:45:00,return,0.0
1497,2025-02-23 14:00:00,return,0.0
1498,2025-02-23 14:15:00,return,0.45
1499,2025-02-23 14:30:00,return,5.85
1500,2025-02-23 14:45:00,return,0.0
1501,2025-02-23 15:00:00,return,4.5
1502,2025-02-23 15:15:00,return,2.7
1503,2025-02-23 15:30:00,return,1.35
1504,2025-02-23 15:45:00,return,0.0
1505,2025-02-23 16:00:00,return,1.35
1506,2025-02-23 16:15:00,return,1.8
1507,2025-02-23 16:30:00,return,0.0
1508,2025-02-23 16:45:00,return,0.0
1509,2025-02-23 17:00:00,return,0.0
1510,2025-02-23 17:15:00,return,0.0
1511,2025-02-23 17:30:00,return,0.0
1512,2025-02-23 17:45:00,return,0.0
1513,2025-02-23 18:00:00,return,0.0
1514,2025-02-23 18:15:00,return,0.0
1515,2025-02-23 18:30:00,return,0.0
1516,2025-02-23 18:45:00,return,0.0
1517,2025-02-23 19:00:00,return,0.0
1518,2025-02-23 19:15:00,return,0.0
1519,2025-02-23 19:30:00,return,0.0
1520,2025-02-23 19:45:00,return,0.0
1521,2025-02-23 20:00:00,return,0.0
1522,2025-02-23 20:15:00,return,0.0
1523,2025-02-23 20:30:00,return,0.0
1524,2025-02-23 20:45:00,return,0.0
1525,2025-02-23 21:00:00,return,0.0
1526,2025-02-23 21:15:00,return,0.0
1527,2025-02-23 21:30:00,return,0.0
1528,2025-02-23 21:45:00,return,0.0
1529,2025-02-23 22:00:00,return,0.0
1530,2025-02-23 22:15:00,return,0.0
1531,2025-02-23 22:30:00,return,0.0
1532,2025-02-23 22:45:00,return,0.0
1533,2025-02-23 23:00:00,return,0.0
1534,2025-02-23 23:15:00,return,0.0
1535,2025-02-23 23:30:00,return,0.0
1536,2025-02-23 23:45:00,return,0.0
1537,2025-02-24 00:00:00,return,0.0
1538,2025-02-24 00:15:00,return,0.0
1539,2025-02-24 00:30:00,return,0.0
1540,2025-02-24 00:45:00,return,0.0
1541,2025-02-24 01:00:00,return,0.0
1542,2025-02-24 01:15:00,return,0.0
1543,2025-02-24 01:30:00,return,0.0
1544,2025-02-24 01:45:00,return,0.0
1545,2025-02-24 02:00:00,return,0.0
1546,2025-02-24 02:15:00,return,0.0
1547,2025-02-24 02:30:00,return,0.0
1548,2025-02-24 02:45:00,return,0.0
1549,2025-02-24 03:00:00,return,0.0
1550,2025-02-24 03:15:00,return,0.0
1551,2025-02-24 03:30:00,return,0.0
1552,2025-02-24 03:45:00,return,0.0
1553,2025-02-24 04:00:00,return,0.0
1554,2025-02-24 04:15:00,return,0.0
1555,2025-02-24 04:30:00,return,0.0
1556,2025-02-24 04:45:00,return,0.0
1557,2025-02-24 05:00:00,return,0.0
1558,2025-02-24 05:15:00,return,0.0
1559,2025-02-24 05:30:00,return,0.0
1560,2025-02-24 05:45:00,return,0.0
1561,2025-02-24 06:00:00,return,0.0
1562,2025-02-24 06:15:00,return,0.0
1563,2025-02-24 06:30:00,return,0.0
1564,2025-02-24 06:45:00,return,0.0
1565,2025-02-24 07:00:00,return,0.0
1566,2025-02-24 07:15:00,return,0.0
1567,2025-02-24 07:30:00,return,0.0
1568,2025-02-24 07:45:00,return,0.0
1569,2025-02-24 08:00:00,return,0.0
1570,2025-02-24 08:15:00,return,0.0
1571,2025-02-24 08:30:00,return,0.0
1572,2025-02-24 08:45:00,return,0.0
1573,2025-02-24 09:00:00,return,0.0
1574,2025-02-24 09:15:00,return,0.0
1575,2025-02-24 09:30:00,return,0.0
1576,2025-02-24 09:45:00,return,0.0
1577,2025-02-24 10:00:00,return,0.0
1578,2025-02-24 10:15:00,return,0.0
1579,2025-02-24 10:30:00,return,0.0
1580,2025-02-24 10:45:00,return,0.0
1581,2025-02-24 11:00:00,return,0.0
1582,2025-02-24 11:15:00,return,0.0
1583,2025-02-24 11:30:00,return,0.0
1584,2025-02-24 11:45:00,return,0.0
1585,2025-02-24 12:00:00,return,0.0
1586,2025-02-24 12:15:00,return,0.0
1587,2025-02-24 12:30:00,return,0.0
1588,2025-02-24 12:45:00,return,0.0
1589,2025-02-24 13:00:00,return,0.0
1590,2025-02-24 13:15:00,return,0.0
1591,2025-02-24 13:30:00,return,0.0
1592,2025-02-24 13:45:00,return,0.0
1593,2025-02-24 14:00:00,return,0.0
1594,2025-02-24 14:15:00,return,0.0
1595,2025-02-24 14:30:00,return,0.0
1596,2025-02-24 14:45:00,return,0.0
1597,2025-02-24 15:00:00,return,0.0
1598,2025-02-24 15:15:00,return,0.0
1599,2025-02-24 15:30:00,return,0.0
1600,2025-02-24 15:45:00,return,0.0
1601,2025-02-24 16:00:00,return,0.0
1602,2025-02-24 16:15:00,return,0.0
1603,2025-02-24 16:30:00,return,0.0
1604,2025-02-24 16:45:00,return,0.0
1605,2025-02-24 17:00:00,return,0.0
1606,2025-02-24 17:15:00,return,0.0
1607,2025-02-24 17:30:00,return,0.0
1608,2025-02-24 17:45:00,return,0.0
1609,2025-02-24 18:00:00,return,0.0
1610,2025-02-24 18:15:00,return,0.0
1611,2025-02-24 18:30:00,return,0.0
1612,2025-02-24 18:45:00,return,0.0
1613,2025-02-24 19:00:00,return,0.0
1614,2025-02-24 19:15:00,return,0.0
1615,2025-02-24 19:30:00,return,0.0
1616,2025-02-24 19:45:00,return,0.0
1617,2025-02-24 20:00:00,return,0.0
1618,2025-02-24 20:15:00,return,0.0
1619,2025-02-24 20:30:00,return,0.0
1620,2025-02-24 20:45:00,return,0.0
1621,2025-02-24 21:00:00,return,0.0
1622,2025-02-24 21:15:00,return,0.0
1623,2025-02-24 21:30:00,return,0.0
1624,2025-02-24 21:45:00,return,0.0
1625,2025-02-24 22:00:00,return,0.0
1626,2025-02-24 22:15:00,return,0.0
1627,2025-02-24 22:30:00,return,0.0
1628,2025-02-24 22:45:00,return,0.0
1629,2025-02-24 23:00:00,return,0.0
1630,2025-02-24 23:15:00,return,0.0
1631,2025-02-24 23:30:00,return,0.0
1632,2025-02-24 23:45:00,return,0.0
1633,2025-02-25 00:00:00,return,0.0
1634,2025-02-25 00:15:00,return,0.0
1635,2025-02-25 00:30:00,return,0.0
1636,2025-02-25 00:45:00,return,0.0
1637,2025-02-25 01:00:00,return,0.0
1638,2025-02-25 01:15:00,return,0.0
1639,2025-02-25 01:30:00,return,0.0
1640,2025-02-25 01:45:00,return,0.0
1641,2025-02-25 02:00:00,return,0.0
1642,2025-02-25 02:15:00,return,0.0
1643,2025-02-25 02:30:00,return,0.0
1644,2025-02-25 02:45:00,return,0.0
1645,2025-02-25 03:00:00,return,0.0
1646,2025-02-25 03:15:00,return,0.0
1647,2025-02-25 03:30:00,return,0.0
1648,2025-02-25 03:45:00,return,0.0
1649,2025-02-25 04:00:00,return,0.0
1650,2025-02-25 04:15:00,return,0.0
1651,2025-02-25 04:30:00,return,0.0
1652,2025-02-25 04:45:00,return,0.0
1653,2025-02-25 05:00:00,return,0.0
1654,2025-02-25 05:15:00,return,0.0
1655,2025-02-25 05:30:00,return,0.0
1656,2025-02-25 05:45:00,return,0.0
1657,2025-02-25 06:00:00,return,0.0
1658,2025-02-25 06:15:00,return,0.0
1659,2025-02-25 06:30:00,return,0.0
1660,2025-02-25 06:45:00,return,0.0
1661,2025-02-25 07:00:00,return,0.0
1662,2025-02-25 07:15:00,return,0.0
1663,2025-02-25 07:30:00,return,0.0
1664,2025-02-25 07:45:00,return,0.0
1665,2025-02-25 08:00:00,return,0.0
1666,2025-02-25 08:15:00,return,0.0
1667,2025-02-25 08:30:00,return,0.0
1668,2025-02-25 08:45:00,return,0.0
1669,2025-02-25 09:00:00,return,0.0
1670,2025-02-25 09:15:00,return,0.0
1671,2025-02-25 09:30:00,return,0.0
1672,2025-02-25 09:45:00,return,0.0
1673,2025-02-25 10:00:00,return,0.0
1674,2025-02-25 10:15:00,return,0.45
1675,2025-02-25 10:30:00,return,0.0
1676,2025-02-25 10:45:00,return,0.0
1677,2025-02-25 11:00:00,return,0.0
1678,2025-02-25 11:15:00,return,0.0
1679,2025-02-25 11:30:00,return,0.0
1680,2025-02-25 11:45:00,return,0.0
1681,2025-02-25 12:00:00,return,0.0
1682,2025-02-25 12:15:00,return,0.0
1683,2025-02-25 12:30:00,return,0.0
1684,2025-02-25 12:45:00,return,0.0
1685,2025-02-25 13:00:00,return,0.0
1686,2025-02-25 13:15:00,return,0.0
1687,2025-02-25 13:30:00,return,0.45
1688,2025-02-25 13:45:00,return,0.9
1689,2025-02-25 14:00:00,return,0.0
1690,2025-02-25 14:15:00,return,0.0
1691,2025-02-25 14:30:00,return,0.0
1692,2025-02-25 14:45:00,return,0.45
1693,2025-02-25 15:00:00,return,0.45
1694,2025-02-25 15:15:00,return,0.0
1695,2025-02-25 15:30:00,return,0.0
1696,2025-02-25 15:45:00,return,0.0
1697,2025-02-25 16:00:00,return,0.0
1698,2025-02-25 16:15:00,return,0.0
1699,2025-02-25 16:30:00,return,0.0
1700,2025-02-25 16:45:00,return,0.0
1701,2025-02-25 17:00:00,return,0.0
1702,2025-02-25 17:15:00,return,0.0
1703,2025-02-25 17:30:00,return,0.0
1704,2025-02-25 17:45:00,return,0.0
1705,2025-02-25 18:00:00,return,0.0
1706,2025-02-25 18:15:00,return,0.0
1707,2025-02-25 18:30:00,return,0.0
1708,2025-02-25 18:45:00,return,0.0
1709,2025-02-25 19:00:00,return,0.0
1710,2025-02-25 19:15:00,return,0.0
1711,2025-02-25 19:30:00,return,0.0
1712,2025-02-25 19:45:00,return,0.0
1713,2025-02-25 20:00:00,return,0.0
1714,2025-02-25 20:15:00,return,0.0
1715,2025-02-25 20:30:00,return,0.0
1716,2025-02-25 20:45:00,return,0.0
1717,2025-02-25 21:00:00,return,0.0
1718,2025-02-25 21:15:00,return,0.0
1719,2025-02-25 21:30:00,return,0.0
1720,2025-02-25 21:45:00,return,0.0
1721,2025-02-25 22:00:00,return,0.0
1722,2025-02-25 22:15:00,return,0.0
1723,2025-02-25 22:30:00,return,0.0
1724,2025-02-25 22:45:00,return,0.0
1725,2025-02-25 23:00:00,return,0.0
1726,2025-02-25 23:15:00,return,0.0
1727,2025-02-25 23:30:00,return,0.0
1728,2025-02-25 23:45:00,return,0.0
1729,2025-02-26 00:00:00,return,0.0
1730,2025-02-26 00:15:00,return,0.0
1731,2025-02-26 00:30:00,return,0.0
1732,2025-02-26 00:45:00,return,0.0
1733,2025-02-26 01:00:00,return,0.0
1734,2025-02-26 01:15:00,return,0.0
1735,2025-02-26 01:30:00,return,0.0
1736,2025-02-26 01:45:00,return,0.0
1737,2025-02-26 02:00:00,return,0.0
1738,2025-02-26 02:15:00,return,0.0
1739,2025-02-26 02:30:00,return,0.0
1740,2025-02-26 02:45:00,return,0.0
1741,2025-02-26 03:00:00,return,0.0
1742,2025-02-26 03:15:00,return,0.0
1743,2025-02-26 03:30:00,return,0.0
1744,2025-02-26 03:45:00,return,0.0
1745,2025-02-26 04:00:00,return,0.0
1746,2025-02-26 04:15:00,return,0.0
1747,2025-02-26 04:30:00,return,0.0
1748,2025-02-26 04:45:00,return,0.0
1749,2025-02-26 05:00:00,return,0.0
1750,2025-02-26 05:15:00,return,0.0
1751,2025-02-26 05:30:00,return,0.0
1752,2025-02-26 05:45:00,return,0.0
1753,2025-02-26 06:00:00,return,0.0
1754,2025-02-26 06:15:00,return,0.0
1755,2025-02-26 06:30:00,return,0.0
1756,2025-02-26 06:45:00,return,0.0
1757,2025-02-26 07:00:00,return,0.0
1758,2025-02-26 07:15:00,return,0.0
1759,2025-02-26 07:30:00,return,0.0
1760,2025-02-26 07:45:00,return,0.0
1761,2025-02-26 08:00:00,return,0.0
1762,2025-02-26 08:15:00,return,0.0
1763,2025-02-26 08:30:00,return,0.0
1764,2025-02-26 08:45:00,return,0.0
1765,2025-02-26 09:00:00,return,0.0
1766,2025-02-26 09:15:00,return,0.0
1767,2025-02-26 09:30:00,return,2.25
1768,2025-02-26 09:45:00,return,5.85
1769,2025-02-26 10:00:00,return,9.45
1770,2025-02-26 10:15:00,return,13.05
1771,2025-02-26 10:30:00,return,14.85
1772,2025-02-26 10:45:00,return,16.2
1773,2025-02-26 11:00:00,return,17.55
1774,2025-02-26 11:15:00,return,11.25
1775,2025-02-26 11:30:00,return,10.35
1776,2025-02-26 11:45:00,return,19.8
1777,2025-02-26 12:00:00,return,10.35
1778,2025-02-26 12:15:00,return,10.8
1779,2025-02-26 12:30:00,return,22.5
1780,2025-02-26 12:45:00,return,22.95
1781,2025-02-26 13:00:00,return,20.25
1782,2025-02-26 13:15:00,return,21.6
1783,2025-02-26 13:30:00,return,21.6
1784,2025-02-26 13:45:00,return,21.6
1785,2025-02-26 14:00:00,return,21.15
1786,2025-02-26 14:15:00,return,9.0
1787,2025-02-26 14:30:00,return,3.15
1788,2025-02-26 14:45:00,return,8.1
1789,2025-02-26 15:00:00,return,15.75
1790,2025-02-26 15:15:00,return,8.55
1791,2025-02-26 15:30:00,return,4.95
1792,2025-02-26 15:45:00,return,12.6
1793,2025-02-26 16:00:00,return,9.45
1794,2025-02-26 16:15:00,return,5.85
1795,2025-02-26 16:30:00,return,0.45
1796,2025-02-26 16:45:00,return,0.0
1797,2025-02-26 17:00:00,return,0.0
1798,2025-02-26 17:15:00,return,0.0
1799,2025-02-26 17:30:00,return,0.0
1800,2025-02-26 17:45:00,return,0.0
1801,2025-02-26 18:00:00,return,0.0
1802,2025-02-26 18:15:00,return,0.0
1803,2025-02-26 18:30:00,return,0.0
1804,2025-02-26 18:45:00,return,0.0
1805,2025-02-26 19:00:00,return,0.0
1806,2025-02-26 19:15:00,return,0.0
1807,2025-02-26 19:30:00,return,0.0
1808,2025-02-26 19:45:00,return,0.0
1809,2025-02-26 20:00:00,return,0.0
1810,2025-02-26 20:15:00,return,0.0
1811,2025-02-26 20:30:00,return,0.0
1812,2025-02-26 20:45:00,return,0.0
1813,2025-02-26 21:00:00,return,0.0
1814,2025-02-26 21:15:00,return,0.0
1815,2025-02-26 21:30:00,return,0.0
1816,2025-02-26 21:45:00,return,0.0
1817,2025-02-26 22:00:00,return,0.0
1818,2025-02-26 22:15:00,return,0.0
1819,2025-02-26 22:30:00,return,0.0
1820,2025-02-26 22:45:00,return,0.0
1821,2025-02-26 23:00:00,return,0.0
1822,2025-02-26 23:15:00,return,0.0
1823,2025-02-26 23:30:00,return,0.0
1824,2025-02-26 23:45:00,return,0.0
1825,2025-02-27 00:00:00,return,0.0
1826,2025-02-27 00:15:00,return,0.0
1827,2025-02-27 00:30:00,return,0.0
1828,2025-02-27 00:45:00,return,0.0
1829,2025-02-27 01:00:00,return,0.0
1830,2025-02-27 01:15:00,return,0.0
1831,2025-02-27 01:30:00,return,0.0
1832,2025-02-27 01:45:00,return,0.0
1833,2025-02-27 02:00:00,return,0.0
1834,2025-02-27 02:15:00,return,0.0
1835,2025-02-27 02:30:00,return,0.0
1836,2025-02-27 02:45:00,return,0.0
1837,2025-02-27 03:00:00,return,0.0
1838,2025-02-27 03:15:00,return,0.0
1839,2025-02-27 03:30:00,return,0.0
1840,2025-02-27 03:45:00,return,0.0
1841,2025-02-27 04:00:00,return,0.0
1842,2025-02-27 04:15:00,return,0.0
1843,2025-02-27 04:30:00,return,0.0
1844,2025-02-27 04:45:00,return,0.0
1845,2025-02-27 05:00:00,return,0.0
1846,2025-02-27 05:15:00,return,0.0
1847,2025-02-27 05:30:00,return,0.0
1848,2025-02-27 05:45:00,return,0.0
1849,2025-02-27 06:00:00,return,0.0
1850,2025-02-27 06:15:00,return,0.0
1851,2025-02-27 06:30:00,return,0.0
1852,2025-02-27 06:45:00,return,0.0
1853,2025-02-27 07:00:00,return,0.0
1854,2025-02-27 07:15:00,return,0.0
1855,2025-02-27 07:30:00,return,0.0
1856,2025-02-27 07:45:00,return,0.0
1857,2025-02-27 08:00:00,return,0.0
1858,2025-02-27 08:15:00,return,0.0
1859,2025-02-27 08:30:00,return,0.0
1860,2025-02-27 08:45:00,return,0.0
1861,2025-02-27 09:00:00,return,0.0
1862,2025-02-27 09:15:00,return,0.0
1863,2025-02-27 09:30:00,return,0.0
1864,2025-02-27 09:45:00,return,0.45
1865,2025-02-27 10:00:00,return,0.0
1866,2025-02-27 10:15:00,return,0.0
1867,2025-02-27 10:30:00,return,0.0
1868,2025-02-27 10:45:00,return,0.0
1869,2025-02-27 11:00:00,return,0.0
1870,2025-02-27 11:15:00,return,0.0
1871,2025-02-27 11:30:00,return,2.25
1872,2025-02-27 11:45:00,return,11.7
1873,2025-02-27 12:00:00,return,0.9
1874,2025-02-27 12:15:00,return,0.0
1875,2025-02-27 12:30:00,return,0.0
1876,2025-02-27 12:45:00,return,0.45
1877,2025-02-27 13:00:00,return,3.6
1878,2025-02-27 13:15:00,return,9.9
1879,2025-02-27 13:30:00,return,2.7
1880,2025-02-27 13:45:00,return,4.95
1881,2025-02-27 14:00:00,return,0.45
1882,2025-02-27 14:15:00,return,14.85
1883,2025-02-27 14:30:00,return,21.15
1884,2025-02-27 14:45:00,return,22.05
1885,2025-02-27 15:00:00,return,16.65
1886,2025-02-27 15:15:00,return,3.6
1887,2025-02-27 15:30:00,return,9.0
1888,2025-02-27 15:45:00,return,9.0
1889,2025-02-27 16:00:00,return,9.0
1890,2025-02-27 16:15:00,return,4.95
1891,2025-02-27 16:30:00,return,3.15
1892,2025-02-27 16:45:00,return,2.7
1893,2025-02-27 17:00:00,return,1.35
1894,2025-02-27 17:15:00,return,0.0
1895,2025-02-27 17:30:00,return,0.0
1896,2025-02-27 17:45:00,return,0.0
1897,2025-02-27 18:00:00,return,0.0
1898,2025-02-27 18:15:00,return,0.0
1899,2025-02-27 18:30:00,return,0.0
1900,2025-02-27 18:45:00,return,0.0
1901,2025-02-27 19:00:00,return,0.0
1902,2025-02-27 19:15:00,return,0.0
1903,2025-02-27 19:30:00,return,0.0
1904,2025-02-27 19:45:00,return,0.0
1905,2025-02-27 20:00:00,return,0.0
1906,2025-02-27 20:15:00,return,0.0
1907,2025-02-27 20:30:00,return,0.0
1908,2025-02-27 20:45:00,return,0.0
1909,2025-02-27 21:00:00,return,0.0
1910,2025-02-27 21:15:00,return,0.0
1911,2025-02-27 21:30:00,return,0.0
1912,2025-02-27 21:45:00,return,0.0
1913,2025-02-27 22:00:00,return,0.0
1914,2025-02-27 22:15:00,return,0.0
1915,2025-02-27 22:30:00,return,0.0
1916,2025-02-27 22:45:00,return,0.0
1917,2025-02-27 23:00:00,return,0.0
1918,2025-02-27 23:15:00,return,0.0
1919,2025-02-27 23:30:00,return,0.0
1920,2025-02-27 23:45:00,return,0.0
1921,2025-02-28 00:00:00,return,0.0
1922,2025-02-28 00:15:00,return,0.0
1923,2025-02-28 00:30:00,return,0.0
1924,2025-02-28 00:45:00,return,0.0
1925,2025-02-28 01:00:00,return,0.0
1926,2025-02-28 01:15:00,return,0.0
1927,2025-02-28 01:30:00,return,0.0
1928,2025-02-28 01:45:00,return,0.0
1929,2025-02-28 02:00:00,return,0.0
1930,2025-02-28 02:15:00,return,0.0
1931,2025-02-28 02:30:00,return,0.0
1932,2025-02-28 02:45:00,return,0.0
1933,2025-02-28 03:00:00,return,0.0
1934,2025-02-28 03:15:00,return,0.0
1935,2025-02-28 03:30:00,return,0.0
1936,2025-02-28 03:45:00,return,0.0
1937,2025-02-28 04:00:00,return,0.0
1938,2025-02-28 04:15:00,return,0.0
1939,2025-02-28 04:30:00,return,0.0
1940,2025-02-28 04:45:00,return,0.0
1941,2025-02-28 05:00:00,return,0.0
1942,2025-02-28 05:15:00,return,0.0
1943,2025-02-28 05:30:00,return,0.0
1944,2025-02-28 05:45:00,return,0.0
1945,2025-02-28 06:00:00,return,0.0
1946,2025-02-28 06:15:00,return,0.0
1947,2025-02-28 06:30:00,return,0.0
1948,2025-02-28 06:45:00,return,0.0
1949,2025-02-28 07:00:00,return,0.0
1950,2025-02-28 07:15:00,return,0.0
1951,2025-02-28 07:30:00,return,0.0
1952,2025-02-28 07:45:00,return,0.0
1953,2025-02-28 08:00:00,return,0.0
1954,2025-02-28 08:15:00,return,0.0
1955,2025-02-28 08:30:00,return,0.0
1956,2025-02-28 08:45:00,return,0.0
1957,2025-02-28 09:00:00,return,0.0
1958,2025-02-28 09:15:00,return,0.0
1959,2025-02-28 09:30:00,return,0.0
1960,2025-02-28 09:45:00,return,0.0
1961,2025-02-28 10:00:00,return,0.0
1962,2025-02-28 10:15:00,return,3.15
1963,2025-02-28 10:30:00,return,2.25
1964,2025-02-28 10:45:00,return,0.45
1965,2025-02-28 11:00:00,return,0.0
1966,2025-02-28 11:15:00,return,2.25
1967,2025-02-28 11:30:00,return,18.9
1968,2025-02-28 11:45:00,return,8.55
1969,2025-02-28 12:00:00,return,4.05
1970,2025-02-28 12:15:00,return,5.85
1971,2025-02-28 12:30:00,return,2.7
1972,2025-02-28 12:45:00,return,0.9
1973,2025-02-28 13:00:00,return,2.25
1974,2025-02-28 13:15:00,return,4.95
1975,2025-02-28 13:30:00,return,1.35
1976,2025-02-28 13:45:00,return,9.9
1977,2025-02-28 14:00:00,return,2.7
1978,2025-02-28 14:15:00,return,1.8
1979,2025-02-28 14:30:00,return,4.95
1980,2025-02-28 14:45:00,return,0.45
1981,2025-02-28 15:00:00,return,0.45
1982,2025-02-28 15:15:00,return,0.0
1983,2025-02-28 15:30:00,return,1.35
1984,2025-02-28 15:45:00,return,0.9
1985,2025-02-28 16:00:00,return,4.95
1986,2025-02-28 16:15:00,return,4.05
1987,2025-02-28 16:30:00,return,0.0
1988,2025-02-28 16:45:00,return,0.45
1989,2025-02-28 17:00:00,return,0.45
1990,2025-02-28 17:15:00,return,0.0
1991,2025-02-28 17:30:00,return,0.0
1992,2025-02-28 17:45:00,return,0.0
1993,2025-02-28 18:00:00,return,0.0
1994,2025-02-28 18:15:00,return,0.0
1995,2025-02-28 18:30:00,return,0.0
1996,2025-02-28 18:45:00,return,0.0
1997,2025-02-28 19:00:00,return,0.0
1998,2025-02-28 19:15:00,return,0.0
1999,2025-02-28 19:30:00,return,0.0
2000,2025-02-28 19:45:00,return,0.0
2001,2025-02-28 20:00:00,return,0.0
2002,2025-02-28 20:15:00,return,0.0
2003,2025-02-28 20:30:00,return,0.0
2004,2025-02-28 20:45:00,return,0.0
2005,2025-02-28 21:00:00,return,0.0
2006,2025-02-28 21:15:00,return,0.0
2007,2025-02-28 21:30:00,return,0.0
2008,2025-02-28 21:45:00,return,0.0
2009,2025-02-28 22:00:00,return,0.0
2010,2025-02-28 22:15:00,return,0.0
2011,2025-02-28 22:30:00,return,0.0
2012,2025-02-28 22:45:00,return,0.0
2013,2025-02-28 23:00:00,return,0.0
2014,2025-02-28 23:15:00,return,0.0
2015,2025-02-28 23:30:00,return,0.0
2016,2025-02-28 23:45:00,return,0.0
2017,2025-03-01 00:00:00,return,0.0
2018,2025-03-01 00:15:00,return,0.0
2019,2025-03-01 00:30:00,return,0.0
2020,2025-03-01 00:45:00,return,0.0
2021,2025-03-01 01:00:00,return,0.0
2022,2025-03-01 01:15:00,return,0.0
2023,2025-03-01 01:30:00,return,0.0
2024,2025-03-01 01:45:00,return,0.0
2025,2025-03-01 02:00:00,return,0.0
2026,2025-03-01 02:15:00,return,0.0
2027,2025-03-01 02:30:00,return,0.0
2028,2025-03-01 02:45:00,return,0.0
2029,2025-03-01 03:00:00,return,0.0
2030,2025-03-01 03:15:00,return,0.0
2031,2025-03-01 03:30:00,return,0.0
2032,2025-03-01 03:45:00,return,0.0
2033,2025-03-01 04:00:00,return,0.0
2034,2025-03-01 04:15:00,return,0.0
2035,2025-03-01 04:30:00,return,0.0
2036,2025-03-01 04:45:00,return,0.0
2037,2025-03-01 05:00:00,return,0.0
2038,2025-03-01 05:15:00,return,0.0
2039,2025-03-01 05:30:00,return,0.0
2040,2025-03-01 05:45:00,return,0.0
2041,2025-03-01 06:00:00,return,0.0
2042,2025-03-01 06:15:00,return,0.0
2043,2025-03-01 06:30:00,return,0.0
2044,2025-03-01 06:45:00,return,0.0
2045,2025-03-01 07:00:00,return,0.0
2046,2025-03-01 07:15:00,return,0.0
2047,2025-03-01 07:30:00,return,0.0
2048,2025-03-01 07:45:00,return,0.0
2049,2025-03-01 08:00:00,return,0.0
2050,2025-03-01 08:15:00,return,0.0
2051,2025-03-01 08:30:00,return,0.0
2052,2025-03-01 08:45:00,return,0.0
2053,2025-03-01 09:00:00,return,0.0
2054,2025-03-01 09:15:00,return,0.0
2055,2025-03-01 09:30:00,return,0.0
2056,2025-03-01 09:45:00,return,0.0
2057,2025-03-01 10:00:00,return,0.0
2058,2025-03-01 10:15:00,return,3.15
2059,2025-03-01 10:30:00,return,4.95
2060,2025-03-01 10:45:00,return,0.45
2061,2025-03-01 11:00:00,return,4.05
2062,2025-03-01 11:15:00,return,4.5
2063,2025-03-01 11:30:00,return,4.05
2064,2025-03-01 11:45:00,return,20.25
2065,2025-03-01 12:00:00,return,9.9
2066,2025-03-01 12:15:00,return,16.2
2067,2025-03-01 12:30:00,return,9.0
2068,2025-03-01 12:45:00,return,17.55
2069,2025-03-01 13:00:00,return,16.65
2070,2025-03-01 13:15:00,return,9.45
2071,2025-03-01 13:30:00,return,16.65
2072,2025-03-01 13:45:00,return,25.2
2073,2025-03-01 14:00:00,return,11.7
2074,2025-03-01 14:15:00,return,23.85
2075,2025-03-01 14:30:00,return,7.65
2076,2025-03-01 14:45:00,return,17.55
2077,2025-03-01 15:00:00,return,10.8
2078,2025-03-01 15:15:00,return,13.5
2079,2025-03-01 15:30:00,return,16.65
2080,2025-03-01 15:45:00,return,13.95
2081,2025-03-01 16:00:00,return,1.8
2082,2025-03-01 16:15:00,return,8.1
2083,2025-03-01 16:30:00,return,9.45
2084,2025-03-01 16:45:00,return,2.25
2085,2025-03-01 17:00:00,return,0.0
2086,2025-03-01 17:15:00,return,0.0
2087,2025-03-01 17:30:00,return,0.0
2088,2025-03-01 17:45:00,return,0.0
2089,2025-03-01 18:00:00,return,0.0
2090,2025-03-01 18:15:00,return,0.0
2091,2025-03-01 18:30:00,return,0.0
2092,2025-03-01 18:45:00,return,0.0
2093,2025-03-01 19:00:00,return,0.0
2094,2025-03-01 19:15:00,return,0.0
2095,2025-03-01 19:30:00,return,0.0
2096,2025-03-01 19:45:00,return,0.0
2097,2025-03-01 20:00:00,return,0.0
2098,2025-03-01 20:15:00,return,0.0
2099,2025-03-01 20:30:00,return,0.0
2100,2025-03-01 20:45:00,return,0.0
2101,2025-03-01 21:00:00,return,0.0
2102,2025-03-01 21:15:00,return,0.0
2103,2025-03-01 21:30:00,return,0.0
2104,2025-03-01 21:45:00,return,0.0
2105,2025-03-01 22:00:00,return,0.0
2106,2025-03-01 22:15:00,return,0.0
2107,2025-03-01 22:30:00,return,0.0
2108,2025-03-01 22:45:00,return,0.0
2109,2025-03-01 23:00:00,return,0.0
2110,2025-03-01 23:15:00,return,0.0
2111,2025-03-01 23:30:00,return,0.0
2112,2025-03-01 23:45:00,return,0.0
2113,2025-03-02 00:00:00,return,0.0
2114,2025-03-02 00:15:00,return,0.0
2115,2025-03-02 00:30:00,return,0.0
2116,2025-03-02 00:45:00,return,0.0
2117,2025-03-02 01:00:00,return,0.0
2118,2025-03-02 01:15:00,return,0.0
2119,2025-03-02 01:30:00,return,0.0
2120,2025-03-02 01:45:00,return,0.0
2121,2025-03-02 02:00:00,return,0.0
2122,2025-03-02 02:15:00,return,0.0
2123,2025-03-02 02:30:00,return,0.0
2124,2025-03-02 02:45:00,return,0.0
2125,2025-03-02 03:00:00,return,0.0
2126,2025-03-02 03:15:00,return,0.0
2127,2025-03-02 03:30:00,return,0.0
2128,2025-03-02 03:45:00,return,0.0
2129,2025-03-02 04:00:00,return,0.0
2130,2025-03-02 04:15:00,return,0.0
2131,2025-03-02 04:30:00,return,0.0
2132,2025-03-02 04:45:00,return,0.0
2133,2025-03-02 05:00:00,return,0.0
2134,2025-03-02 05:15:00,return,0.0
2135,2025-03-02 05:30:00,return,0.0
2136,2025-03-02 05:45:00,return,0.0
2137,2025-03-02 06:00:00,return,0.0
2138,2025-03-02 06:15:00,return,0.0
2139,2025-03-02 06:30:00,return,0.0
2140,2025-03-02 06:45:00,return,0.0
2141,2025-03-02 07:00:00,return,0.0
2142,2025-03-02 07:15:00,return,0.0
2143,2025-03-02 07:30:00,return,0.0
2144,2025-03-02 07:45:00,return,0.0
2145,2025-03-02 08:00:00,return,0.0
2146,2025-03-02 08:15:00,return,0.0
2147,2025-03-02 08:30:00,return,0.0
2148,2025-03-02 08:45:00,return,0.0
2149,2025-03-02 09:00:00,return,0.0
2150,2025-03-02 09:15:00,return,0.0
2151,2025-03-02 09:30:00,return,0.0
2152,2025-03-02 09:45:00,return,0.0
2153,2025-03-02 10:00:00,return,0.45
2154,2025-03-02 10:15:00,return,0.45
2155,2025-03-02 10:30:00,return,0.45
2156,2025-03-02 10:45:00,return,0.0
2157,2025-03-02 11:00:00,return,0.45
2158,2025-03-02 11:15:00,return,0.9
2159,2025-03-02 11:30:00,return,7.2
2160,2025-03-02 11:45:00,return,4.05
2161,2025-03-02 12:00:00,return,0.0
2162,2025-03-02 12:15:00,return,0.0
2163,2025-03-02 12:30:00,return,11.7
2164,2025-03-02 12:45:00,return,9.0
2165,2025-03-02 13:00:00,return,7.2
2166,2025-03-02 13:15:00,return,0.0
2167,2025-03-02 13:30:00,return,0.9
2168,2025-03-02 13:45:00,return,0.0
2169,2025-03-02 14:00:00,return,0.0
2170,2025-03-02 14:15:00,return,0.0
2171,2025-03-02 14:30:00,return,6.75
2172,2025-03-02 14:45:00,return,0.0
2173,2025-03-02 15:00:00,return,0.45
2174,2025-03-02 15:15:00,return,8.55
2175,2025-03-02 15:30:00,return,7.2
2176,2025-03-02 15:45:00,return,6.75
2177,2025-03-02 16:00:00,return,10.35
2178,2025-03-02 16:15:00,return,5.4
2179,2025-03-02 16:30:00,return,3.15
2180,2025-03-02 16:45:00,return,4.05
2181,2025-03-02 17:00:00,return,2.25
2182,2025-03-02 17:15:00,return,0.9
2183,2025-03-02 17:30:00,return,0.0
2184,2025-03-02 17:45:00,return,0.0
2185,2025-03-02 18:00:00,return,0.0
2186,2025-03-02 18:15:00,return,0.0
2187,2025-03-02 18:30:00,return,0.0
2188,2025-03-02 18:45:00,return,0.0
2189,2025-03-02 19:00:00,return,0.0
2190,2025-03-02 19:15:00,return,0.0
2191,2025-03-02 19:30:00,return,0.0
2192,2025-03-02 19:45:00,return,0.0
2193,2025-03-02 20:00:00,return,0.0
2194,2025-03-02 20:15:00,return,0.0
2195,2025-03-02 20:30:00,return,0.0
2196,2025-03-02 20:45:00,return,0.0
2197,2025-03-02 21:00:00,return,0.0
2198,2025-03-02 21:15:00,return,0.0
2199,2025-03-02 21:30:00,return,0.0
2200,2025-03-02 21:45:00,return,0.0
2201,2025-03-02 22:00:00,return,0.0
2202,2025-03-02 22:15:00,return,0.0
2203,2025-03-02 22:30:00,return,0.0
2204,2025-03-02 22:45:00,return,0.0
2205,2025-03-02 23:00:00,return,0.0
2206,2025-03-02 23:15:00,return,0.0
2207,2025-03-02 23:30:00,return,0.0
2208,2025-03-02 23:45:00,return,0.0
2209,2025-03-03 00:00:00,return,0.0
2210,2025-03-03 00:15:00,return,0.0
2211,2025-03-03 00:30:00,return,0.0
2212,2025-03-03 00:45:00,return,0.0
2213,2025-03-03 01:00:00,return,0.0
2214,2025-03-03 01:15:00,return,0.0
2215,2025-03-03 01:30:00,return,0.0
2216,2025-03-03 01:45:00,return,0.0
2217,2025-03-03 02:00:00,return,0.0
2218,2025-03-03 02:15:00,return,0.0
2219,2025-03-03 02:30:00,return,0.0
2220,2025-03-03 02:45:00,return,0.0
2221,2025-03-03 03:00:00,return,0.0
2222,2025-03-03 03:15:00,return,0.0
2223,2025-03-03 03:30:00,return,0.0
2224,2025-03-03 03:45:00,return,0.0
2225,2025-03-03 04:00:00,return,0.0
2226,2025-03-03 04:15:00,return,0.0
2227,2025-03-03 04:30:00,return,0.0
2228,2025-03-03 04:45:00,return,0.0
2229,2025-03-03 05:00:00,return,0.0
2230,2025-03-03 05:15:00,return,0.0
2231,2025-03-03 05:30:00,return,0.0
2232,2025-03-03 05:45:00,return,0.0
2233,2025-03-03 06:00:00,return,0.0
2234,2025-03-03 06:15:00,return,0.0
2235,2025-03-03 06:30:00,return,0.0
2236,2025-03-03 06:45:00,return,0.0
2237,2025-03-03 07:00:00,return,0.0
2238,2025-03-03 07:15:00,return,0.0
2239,2025-03-03 07:30:00,return,0.0
2240,2025-03-03 07:45:00,return,0.0
2241,2025-03-03 08:00:00,return,0.0
2242,2025-03-03 08:15:00,return,0.0
2243,2025-03-03 08:30:00,return,0.0
2244,2025-03-03 08:45:00,return,0.0
2245,2025-03-03 09:00:00,return,0.0
2246,2025-03-03 09:15:00,return,0.0
2247,2025-03-03 09:30:00,return,0.0
2248,2025-03-03 09:45:00,return,0.0
2249,2025-03-03 10:00:00,return,0.9
2250,2025-03-03 10:15:00,return,0.0
2251,2025-03-03 10:30:00,return,1.35
2252,2025-03-03 10:45:00,return,4.05
2253,2025-03-03 11:00:00,return,0.45
2254,2025-03-03 11:15:00,return,0.0
2255,2025-03-03 11:30:00,return,1.35
2256,2025-03-03 11:45:00,return,13.05
2257,2025-03-03 12:00:00,return,8.1
2258,2025-03-03 12:15:00,return,0.0
2259,2025-03-03 12:30:00,return,0.0
2260,2025-03-03 12:45:00,return,0.0
2261,2025-03-03 13:00:00,return,0.45
2262,2025-03-03 13:15:00,return,9.45
2263,2025-03-03 13:30:00,return,0.0
2264,2025-03-03 13:45:00,return,0.0
2265,2025-03-03 14:00:00,return,0.0
2266,2025-03-03 14:15:00,return,0.45
2267,2025-03-03 14:30:00,return,2.7
2268,2025-03-03 14:45:00,return,8.1
2269,2025-03-03 15:00:00,return,14.85
2270,2025-03-03 15:15:00,return,8.1
2271,2025-03-03 15:30:00,return,4.95
2272,2025-03-03 15:45:00,return,10.8
2273,2025-03-03 16:00:00,return,9.45
2274,2025-03-03 16:15:00,return,4.95
2275,2025-03-03 16:30:00,return,1.8
2276,2025-03-03 16:45:00,return,0.9
2277,2025-03-03 17:00:00,return,0.45
2278,2025-03-03 17:15:00,return,0.0
2279,2025-03-03 17:30:00,return,0.0
2280,2025-03-03 17:45:00,return,0.0
2281,2025-03-03 18:00:00,return,0.0
2282,2025-03-03 18:15:00,return,0.0
2283,2025-03-03 18:30:00,return,0.0
2284,2025-03-03 18:45:00,return,0.0
2285,2025-03-03 19:00:00,return,0.0
2286,2025-03-03 19:15:00,return,0.0
2287,2025-03-03 19:30:00,return,0.0
2288,2025-03-03 19:45:00,return,0.0
2289,2025-03-03 20:00:00,return,0.0
2290,2025-03-03 20:15:00,return,0.0
2291,2025-03-03 20:30:00,return,0.0
2292,2025-03-03 20:45:00,return,0.0
2293,2025-03-03 21:00:00,return,0.0
2294,2025-03-03 21:15:00,return,0.0
2295,2025-03-03 21:30:00,return,0.0
2296,2025-03-03 21:45:00,return,0.0
2297,2025-03-03 22:00:00,return,0.0
2298,2025-03-03 22:15:00,return,0.0
2299,2025-03-03 22:30:00,return,0.0
2300,2025-03-03 22:45:00,return,0.0
2301,2025-03-03 23:00:00,return,0.0
2302,2025-03-03 23:15:00,return,0.0
2303,2025-03-03 23:30:00,return,0.0
2304,2025-03-03 23:45:00,return,0.0
2305,2025-03-04 00:00:00,return,0.0
2306,2025-03-04 00:15:00,return,0.0
2307,2025-03-04 00:30:00,return,0.0
2308,2025-03-04 00:45:00,return,0.0
2309,2025-03-04 01:00:00,return,0.0
2310,2025-03-04 01:15:00,return,0.0
2311,2025-03-04 01:30:00,return,0.0
2312,2025-03-04 01:45:00,return,0.0
2313,2025-03-04 02:00:00,return,0.0
2314,2025-03-04 02:15:00,return,0.0
2315,2025-03-04 02:30:00,return,0.0
2316,2025-03-04 02:45:00,return,0.0
2317,2025-03-04 03:00:00,return,0.0
2318,2025-03-04 03:15:00,return,0.0
2319,2025-03-04 03:30:00,return,0.0
2320,2025-03-04 03:45:00,return,0.0
2321,2025-03-04 04:00:00,return,0.0
2322,2025-03-04 04:15:00,return,0.0
2323,2025-03-04 04:30:00,return,0.0
2324,2025-03-04 04:45:00,return,0.0
2325,2025-03-04 05:00:00,return,0.0
2326,2025-03-04 05:15:00,return,0.0
2327,2025-03-04 05:30:00,return,0.0
2328,2025-03-04 05:45:00,return,0.0
2329,2025-03-04 06:00:00,return,0.0
2330,2025-03-04 06:15:00,return,0.0
2331,2025-03-04 06:30:00,return,0.0
2332,2025-03-04 06:45:00,return,0.0
2333,2025-03-04 07:00:00,return,0.0
2334,2025-03-04 07:15:00,return,0.0
2335,2025-03-04 07:30:00,return,0.0
2336,2025-03-04 07:45:00,return,0.0
2337,2025-03-04 08:00:00,return,0.0
2338,2025-03-04 08:15:00,return,0.0
2339,2025-03-04 08:30:00,return,0.0
2340,2025-03-04 08:45:00,return,0.0
2341,2025-03-04 09:00:00,return,0.0
2342,2025-03-04 09:15:00,return,0.0
2343,2025-03-04 09:30:00,return,3.15
2344,2025-03-04 09:45:00,return,7.65
2345,2025-03-04 10:00:00,return,9.9
2346,2025-03-04 10:15:00,return,5.4
2347,2025-03-04 10:30:00,return,7.2
2348,2025-03-04 10:45:00,return,8.55
2349,2025-03-04 11:00:00,return,0.0
2350,2025-03-04 11:15:00,return,10.8
2351,2025-03-04 11:30:00,return,8.55
2352,2025-03-04 11:45:00,return,9.9
2353,2025-03-04 12:00:00,return,8.1
2354,2025-03-04 12:15:00,return,10.8
2355,2025-03-04 12:30:00,return,9.0
2356,2025-03-04 12:45:00,return,9.0
2357,2025-03-04 13:00:00,return,0.0
2358,2025-03-04 13:15:00,return,4.95
2359,2025-03-04 13:30:00,return,0.0
2360,2025-03-04 13:45:00,return,5.85
2361,2025-03-04 14:00:00,return,0.0
2362,2025-03-04 14:15:00,return,0.0
2363,2025-03-04 14:30:00,return,9.0
2364,2025-03-04 14:45:00,return,17.1
2365,2025-03-04 15:00:00,return,15.75
2366,2025-03-04 15:15:00,return,10.8
2367,2025-03-04 15:30:00,return,7.2
2368,2025-03-04 15:45:00,return,11.25
2369,2025-03-04 16:00:00,return,9.9
2370,2025-03-04 16:15:00,return,9.0
2371,2025-03-04 16:30:00,return,6.3
2372,2025-03-04 16:45:00,return,3.15
2373,2025-03-04 17:00:00,return,0.0
2374,2025-03-04 17:15:00,return,0.0
2375,2025-03-04 17:30:00,return,0.0
2376,2025-03-04 17:45:00,return,0.0
2377,2025-03-04 18:00:00,return,0.0
2378,2025-03-04 18:15:00,return,0.0
2379,2025-03-04 18:30:00,return,0.0
2380,2025-03-04 18:45:00,return,0.0
2381,2025-03-04 19:00:00,return,0.0
2382,2025-03-04 19:15:00,return,0.0
2383,2025-03-04 19:30:00,return,0.0
2384,2025-03-04 19:45:00,return,0.0
2385,2025-03-04 20:00:00,return,0.0
2386,2025-03-04 20:15:00,return,0.0
2387,2025-03-04 20:30:00,return,0.0
2388,2025-03-04 20:45:00,return,0.0
2389,2025-03-04 21:00:00,return,0.0
2390,2025-03-04 21:15:00,return,0.0
2391,2025-03-04 21:30:00,return,0.0
2392,2025-03-04 21:45:00,return,0.0
2393,2025-03-04 22:00:00,return,0.0
2394,2025-03-04 22:15:00,return,0.0
2395,2025-03-04 22:30:00,return,0.0
2396,2025-03-04 22:45:00,return,0.0
2397,2025-03-04 23:00:00,return,0.0
2398,2025-03-04 23:15:00,return,0.0
2399,2025-03-04 23:30:00,return,0.0
2400,2025-03-04 23:45:00,return,0.0
2401,2025-03-05 00:00:00,return,0.0
2402,2025-03-05 00:15:00,return,0.0
2403,2025-03-05 00:30:00,return,0.0
2404,2025-03-05 00:45:00,return,0.0
2405,2025-03-05 01:00:00,return,0.0
2406,2025-03-05 01:15:00,return,0.0
2407,2025-03-05 01:30:00,return,0.0
2408,2025-03-05 01:45:00,return,0.0
2409,2025-03-05 02:00:00,return,0.0
2410,2025-03-05 02:15:00,return,0.0
2411,2025-03-05 02:30:00,return,0.0
2412,2025-03-05 02:45:00,return,0.0
2413,2025-03-05 03:00:00,return,0.0
2414,2025-03-05 03:15:00,return,0.0
2415,2025-03-05 03:30:00,return,0.0
2416,2025-03-05 03:45:00,return,0.0
2417,2025-03-05 04:00:00,return,0.0
2418,2025-03-05 04:15:00,return,0.0
2419,2025-03-05 04:30:00,return,0.0
2420,2025-03-05 04:45:00,return,0.0
2421,2025-03-05 05:00:00,return,0.0
2422,2025-03-05 05:15:00,return,0.0
2423,2025-03-05 05:30:00,return,0.0
2424,2025-03-05 05:45:00,return,0.0
2425,2025-03-05 06:00:00,return,0.0
2426,2025-03-05 06:15:00,return,0.0
2427,2025-03-05 06:30:00,return,0.0
2428,2025-03-05 06:45:00,return,0.0
2429,2025-03-05 07:00:00,return,0.0
2430,2025-03-05 07:15:00,return,0.0
2431,2025-03-05 07:30:00,return,0.0
2432,2025-03-05 07:45:00,return,0.0
2433,2025-03-05 08:00:00,return,0.0
2434,2025-03-05 08:15:00,return,0.0
2435,2025-03-05 08:30:00,return,0.0
2436,2025-03-05 08:45:00,return,0.0
2437,2025-03-05 09:00:00,return,1.35
2438,2025-03-05 09:15:00,return,0.0
2439,2025-03-05 09:30:00,return,0.0
2440,2025-03-05 09:45:00,return,0.0
2441,2025-03-05 10:00:00,return,0.45
2442,2025-03-05 10:15:00,return,0.0
2443,2025-03-05 10:30:00,return,0.0
2444,2025-03-05 10:45:00,return,4.5
2445,2025-03-05 11:00:00,return,0.0
2446,2025-03-05 11:15:00,return,1.35
2447,2025-03-05 11:30:00,return,0.0
2448,2025-03-05 11:45:00,return,0.0
2449,2025-03-05 12:00:00,return,0.0
2450,2025-03-05 12:15:00,return,1.35
2451,2025-03-05 12:30:00,return,0.0
2452,2025-03-05 12:45:00,return,0.0
2453,2025-03-05 13:00:00,return,0.0
2454,2025-03-05 13:15:00,return,0.45
2455,2025-03-05 13:30:00,return,0.0
2456,2025-03-05 13:45:00,return,0.0
2457,2025-03-05 14:00:00,return,0.0
2458,2025-03-05 14:15:00,return,0.0
2459,2025-03-05 14:30:00,return,0.45
2460,2025-03-05 14:45:00,return,6.3
2461,2025-03-05 15:00:00,return,9.0
2462,2025-03-05 15:15:00,return,7.2
2463,2025-03-05 15:30:00,return,0.45
2464,2025-03-05 15:45:00,return,7.65
2465,2025-03-05 16:00:00,return,11.25
2466,2025-03-05 16:15:00,return,0.0
2467,2025-03-05 16:30:00,return,0.45
2468,2025-03-05 16:45:00,return,0.45
2469,2025-03-05 17:00:00,return,0.45
2470,2025-03-05 17:15:00,return,0.0
2471,2025-03-05 17:30:00,return,0.0
2472,2025-03-05 17:45:00,return,0.0
2473,2025-03-05 18:00:00,return,0.0
2474,2025-03-05 18:15:00,return,0.0
2475,2025-03-05 18:30:00,return,0.0
2476,2025-03-05 18:45:00,return,0.0
2477,2025-03-05 19:00:00,return,0.0
2478,2025-03-05 19:15:00,return,0.0
2479,2025-03-05 19:30:00,return,0.0
2480,2025-03-05 19:45:00,return,0.0
2481,2025-03-05 20:00:00,return,0.0
2482,2025-03-05 20:15:00,return,0.0
2483,2025-03-05 20:30:00,return,0.0
2484,2025-03-05 20:45:00,return,0.0
2485,2025-03-05 21:00:00,return,0.0
2486,2025-03-05 21:15:00,return,0.0
2487,2025-03-05 21:30:00,return,0.0
2488,2025-03-05 21:45:00,return,0.0
2489,2025-03-05 22:00:00,return,0.0
2490,2025-03-05 22:15:00,return,0.0
2491,2025-03-05 22:30:00,return,0.0
2492,2025-03-05 22:45:00,return,0.0
2493,2025-03-05 23:00:00,return,0.0
2494,2025-03-05 23:15:00,return,0.0
2495,2025-03-05 23:30:00,return,0.0
2496,2025-03-05 23:45:00,return,0.0
2497,2025-03-06 00:00:00,return,0.0
2498,2025-03-06 00:15:00,return,0.0
2499,2025-03-06 00:30:00,return,0.0
2500,2025-03-06 00:45:00,return,0.0
2501,2025-03-06 01:00:00,return,0.0
2502,2025-03-06 01:15:00,return,0.0
2503,2025-03-06 01:30:00,return,0.0
2504,2025-03-06 01:45:00,return,0.0
2505,2025-03-06 02:00:00,return,0.0
2506,2025-03-06 02:15:00,return,0.0
2507,2025-03-06 02:30:00,return,0.0
2508,2025-03-06 02:45:00,return,0.0
2509,2025-03-06 03:00:00,return,0.0
2510,2025-03-06 03:15:00,return,0.0
2511,2025-03-06 03:30:00,return,0.0
2512,2025-03-06 03:45:00,return,0.0
2513,2025-03-06 04:00:00,return,0.0
2514,2025-03-06 04:15:00,return,0.0
2515,2025-03-06 04:30:00,return,0.0
2516,2025-03-06 04:45:00,return,0.0
2517,2025-03-06 05:00:00,return,0.0
2518,2025-03-06 05:15:00,return,0.0
2519,2025-03-06 05:30:00,return,0.0
2520,2025-03-06 05:45:00,return,0.0
2521,2025-03-06 06:00:00,return,0.0
2522,2025-03-06 06:15:00,return,0.0
2523,2025-03-06 06:30:00,return,0.0
2524,2025-03-06 06:45:00,return,0.0
2525,2025-03-06 07:00:00,return,0.0
2526,2025-03-06 07:15:00,return,0.0
2527,2025-03-06 07:30:00,return,0.0
2528,2025-03-06 07:45:00,return,0.0
2529,2025-03-06 08:00:00,return,0.0
2530,2025-03-06 08:15:00,return,0.0
2531,2025-03-06 08:30:00,return,0.0
2532,2025-03-06 08:45:00,return,0.0
2533,2025-03-06 09:00:00,return,1.35
2534,2025-03-06 09:15:00,return,4.05
2535,2025-03-06 09:30:00,return,7.65
2536,2025-03-06 09:45:00,return,9.45
2537,2025-03-06 10:00:00,return,11.25
2538,2025-03-06 10:15:00,return,12.6
2539,2025-03-06 10:30:00,return,13.95
2540,2025-03-06 10:45:00,return,13.5
2541,2025-03-06 11:00:00,return,6.3
2542,2025-03-06 11:15:00,return,0.0
2543,2025-03-06 11:30:00,return,9.0
2544,2025-03-06 11:45:00,return,17.55
2545,2025-03-06 12:00:00,return,7.65
2546,2025-03-06 12:15:00,return,4.95
2547,2025-03-06 12:30:00,return,0.0
2548,2025-03-06 12:45:00,return,0.0
2549,2025-03-06 13:00:00,return,0.0
2550,2025-03-06 13:15:00,return,1.35
2551,2025-03-06 13:30:00,return,5.4
2552,2025-03-06 13:45:00,return,0.0
2553,2025-03-06 14:00:00,return,0.0
2554,2025-03-06 14:15:00,return,0.0
2555,2025-03-06 14:30:00,return,0.0
2556,2025-03-06 14:45:00,return,3.6
2557,2025-03-06 15:00:00,return,0.9
2558,2025-03-06 15:15:00,return,0.0
2559,2025-03-06 15:30:00,return,0.0
2560,2025-03-06 15:45:00,return,0.0
2561,2025-03-06 16:00:00,return,0.0
2562,2025-03-06 16:15:00,return,0.0
2563,2025-03-06 16:30:00,return,0.0
2564,2025-03-06 16:45:00,return,0.0
2565,2025-03-06 17:00:00,return,0.0
2566,2025-03-06 17:15:00,return,0.0
2567,2025-03-06 17:30:00,return,0.0
2568,2025-03-06 17:45:00,return,0.0
2569,2025-03-06 18:00:00,return,0.0
2570,2025-03-06 18:15:00,return,0.0
2571,2025-03-06 18:30:00,return,0.0
2572,2025-03-06 18:45:00,return,0.0
2573,2025-03-06 19:00:00,return,0.0
2574,2025-03-06 19:15:00,return,0.0
2575,2025-03-06 19:30:00,return,0.0
2576,2025-03-06 19:45:00,return,0.0
2577,2025-03-06 20:00:00,return,0.0
2578,2025-03-06 20:15:00,return,0.0
2579,2025-03-06 20:30:00,return,0.0
2580,2025-03-06 20:45:00,return,0.0
2581,2025-03-06 21:00:00,return,0.0
2582,2025-03-06 21:15:00,return,0.0
2583,2025-03-06 21:30:00,return,0.0
2584,2025-03-06 21:45:00,return,0.0
2585,2025-03-06 22:00:00,return,0.0
2586,2025-03-06 22:15:00,return,0.0
2587,2025-03-06 22:30:00,return,0.0
2588,2025-03-06 22:45:00,return,0.0
2589,2025-03-06 23:00:00,return,0.0
2590,2025-03-06 23:15:00,return,0.0
2591,2025-03-06 23:30:00,return,0.0
2592,2025-03-06 23:45:00,return,0.0
2593,2025-03-07 00:00:00,return,0.0
2594,2025-03-07 00:15:00,return,0.0
2595,2025-03-07 00:30:00,return,0.0
2596,2025-03-07 00:45:00,return,0.0
2597,2025-03-07 01:00:00,return,0.0
2598,2025-03-07 01:15:00,return,0.0
2599,2025-03-07 01:30:00,return,0.0
2600,2025-03-07 01:45:00,return,0.0
2601,2025-03-07 02:00:00,return,0.0
2602,2025-03-07 02:15:00,return,0.0
2603,2025-03-07 02:30:00,return,0.0
2604,2025-03-07 02:45:00,return,0.0
2605,2025-03-07 03:00:00,return,0.0
2606,2025-03-07 03:15:00,return,0.0
2607,2025-03-07 03:30:00,return,0.0
2608,2025-03-07 03:45:00,return,0.0
2609,2025-03-07 04:00:00,return,0.0
2610,2025-03-07 04:15:00,return,0.0
2611,2025-03-07 04:30:00,return,0.0
2612,2025-03-07 04:45:00,return,0.0
2613,2025-03-07 05:00:00,return,0.0
2614,2025-03-07 05:15:00,return,0.0
2615,2025-03-07 05:30:00,return,0.0
2616,2025-03-07 05:45:00,return,0.0
2617,2025-03-07 06:00:00,return,0.0
2618,2025-03-07 06:15:00,return,0.0
2619,2025-03-07 06:30:00,return,0.0
2620,2025-03-07 06:45:00,return,0.0
2621,2025-03-07 07:00:00,return,0.0
2622,2025-03-07 07:15:00,return,0.0
2623,2025-03-07 07:30:00,return,0.0
2624,2025-03-07 07:45:00,return,0.0
2625,2025-03-07 08:00:00,return,0.0
2626,2025-03-07 08:15:00,return,0.0
2627,2025-03-07 08:30:00,return,0.0
2628,2025-03-07 08:45:00,return,0.0
2629,2025-03-07 09:00:00,return,0.0
2630,2025-03-07 09:15:00,return,0.0
2631,2025-03-07 09:30:00,return,0.0
2632,2025-03-07 09:45:00,return,0.45
2633,2025-03-07 10:00:00,return,0.9
2634,2025-03-07 10:15:00,return,2.7
2635,2025-03-07 10:30:00,return,5.4
2636,2025-03-07 10:45:00,return,7.2
2637,2025-03-07 11:00:00,return,3.6
2638,2025-03-07 11:15:00,return,5.4
2639,2025-03-07 11:30:00,return,9.9
2640,2025-03-07 11:45:00,return,11.7
2641,2025-03-07 12:00:00,return,12.6
2642,2025-03-07 12:15:00,return,5.85
2643,2025-03-07 12:30:00,return,8.1
2644,2025-03-07 12:45:00,return,0.45
2645,2025-03-07 13:00:00,return,7.2
2646,2025-03-07 13:15:00,return,6.75
2647,2025-03-07 13:30:00,return,8.1
2648,2025-03-07 13:45:00,return,15.75
2649,2025-03-07 14:00:00,return,6.75
2650,2025-03-07 14:15:00,return,0.0
2651,2025-03-07 14:30:00,return,0.0
2652,2025-03-07 14:45:00,return,3.6
2653,2025-03-07 15:00:00,return,4.95
2654,2025-03-07 15:15:00,return,3.15
2655,2025-03-07 15:30:00,return,0.9
2656,2025-03-07 15:45:00,return,1.35
2657,2025-03-07 16:00:00,return,0.45
2658,2025-03-07 16:15:00,return,0.0
2659,2025-03-07 16:30:00,return,0.0
2660,2025-03-07 16:45:00,return,0.0
2661,2025-03-07 17:00:00,return,0.0
2662,2025-03-07 17:15:00,return,0.0
2663,2025-03-07 17:30:00,return,0.0
2664,2025-03-07 17:45:00,return,0.0
2665,2025-03-07 18:00:00,return,0.0
2666,2025-03-07 18:15:00,return,0.0
2667,2025-03-07 18:30:00,return,0.0
2668,2025-03-07 18:45:00,return,0.0
2669,2025-03-07 19:00:00,return,0.0
2670,2025-03-07 19:15:00,return,0.0
2671,2025-03-07 19:30:00,return,0.0
2672,2025-03-07 19:45:00,return,0.0
2673,2025-03-07 20:00:00,return,0.0
2674,2025-03-07 20:15:00,return,0.0
2675,2025-03-07 20:30:00,return,0.0
2676,2025-03-07 20:45:00,return,0.0
2677,2025-03-07 21:00:00,return,0.0
2678,2025-03-07 21:15:00,return,0.0
2679,2025-03-07 21:30:00,return,0.0
2680,2025-03-07 21:45:00,return,0.0
2681,2025-03-07 22:00:00,return,0.0
2682,2025-03-07 22:15:00,return,0.0
2683,2025-03-07 22:30:00,return,0.0
2684,2025-03-07 22:45:00,return,0.0
2685,2025-03-07 23:00:00,return,0.0
2686,2025-03-07 23:15:00,return,0.0
2687,2025-03-07 23:30:00,return,0.0
2688,2025-03-07 23:45:00,return,0.0
2689,2025-03-08 00:00:00,return,0.0
2690,2025-03-08 00:15:00,return,0.0
2691,2025-03-08 00:30:00,return,0.0
2692,2025-03-08 00:45:00,return,0.0
2693,2025-03-08 01:00:00,return,0.0
2694,2025-03-08 01:15:00,return,0.0
2695,2025-03-08 01:30:00,return,0.0
2696,2025-03-08 01:45:00,return,0.0
2697,2025-03-08 02:00:00,return,0.0
2698,2025-03-08 02:15:00,return,0.0
2699,2025-03-08 02:30:00,return,0.0
2700,2025-03-08 02:45:00,return,0.0
2701,2025-03-08 03:00:00,return,0.0
2702,2025-03-08 03:15:00,return,0.0
2703,2025-03-08 03:30:00,return,0.0
2704,2025-03-08 03:45:00,return,0.0
2705,2025-03-08 04:00:00,return,0.0
2706,2025-03-08 04:15:00,return,0.0
2707,2025-03-08 04:30:00,return,0.0
2708,2025-03-08 04:45:00,return,0.0
2709,2025-03-08 05:00:00,return,0.0
2710,2025-03-08 05:15:00,return,0.0
2711,2025-03-08 05:30:00,return,0.0
2712,2025-03-08 05:45:00,return,0.0
2713,2025-03-08 06:00:00,return,0.0
2714,2025-03-08 06:15:00,return,0.0
2715,2025-03-08 06:30:00,return,0.0
2716,2025-03-08 06:45:00,return,0.0
2717,2025-03-08 07:00:00,return,0.0
2718,2025-03-08 07:15:00,return,0.0
2719,2025-03-08 07:30:00,return,0.0
2720,2025-03-08 07:45:00,return,0.0
2721,2025-03-08 08:00:00,return,0.0
2722,2025-03-08 08:15:00,return,0.0
2723,2025-03-08 08:30:00,return,0.0
2724,2025-03-08 08:45:00,return,0.0
2725,2025-03-08 09:00:00,return,0.0
2726,2025-03-08 09:15:00,return,0.0
2727,2025-03-08 09:30:00,return,0.0
2728,2025-03-08 09:45:00,return,1.8
2729,2025-03-08 10:00:00,return,3.15
2730,2025-03-08 10:15:00,return,4.5
2731,2025-03-08 10:30:00,return,5.85
2732,2025-03-08 10:45:00,return,7.65
2733,2025-03-08 11:00:00,return,3.6
2734,2025-03-08 11:15:00,return,4.05
2735,2025-03-08 11:30:00,return,5.4
2736,2025-03-08 11:45:00,return,0.0
2737,2025-03-08 12:00:00,return,0.0
2738,2025-03-08 12:15:00,return,0.0
2739,2025-03-08 12:30:00,return,0.45
2740,2025-03-08 12:45:00,return,0.0
2741,2025-03-08 13:00:00,return,0.0
2742,2025-03-08 13:15:00,return,4.95
2743,2025-03-08 13:30:00,return,0.0
2744,2025-03-08 13:45:00,return,0.0
2745,2025-03-08 14:00:00,return,0.0
2746,2025-03-08 14:15:00,return,2.25
2747,2025-03-08 14:30:00,return,0.0
2748,2025-03-08 14:45:00,return,3.6
2749,2025-03-08 15:00:00,return,5.4
2750,2025-03-08 15:15:00,return,1.8
2751,2025-03-08 15:30:00,return,0.0
2752,2025-03-08 15:45:00,return,1.35
2753,2025-03-08 16:00:00,return,0.9
2754,2025-03-08 16:15:00,return,0.45
2755,2025-03-08 16:30:00,return,0.0
2756,2025-03-08 16:45:00,return,0.0
2757,2025-03-08 17:00:00,return,0.0
2758,2025-03-08 17:15:00,return,0.0
2759,2025-03-08 17:30:00,return,0.0
2760,2025-03-08 17:45:00,return,0.0
2761,2025-03-08 18:00:00,return,0.0
2762,2025-03-08 18:15:00,return,0.0
2763,2025-03-08 18:30:00,return,0.0
2764,2025-03-08 18:45:00,return,0.0
2765,2025-03-08 19:00:00,return,0.0
2766,2025-03-08 19:15:00,return,0.0
2767,2025-03-08 19:30:00,return,0.0
2768,2025-03-08 19:45:00,return,0.0
2769,2025-03-08 20:00:00,return,0.0
2770,2025-03-08 20:15:00,return,0.0
2771,2025-03-08 20:30:00,return,0.0
2772,2025-03-08 20:45:00,return,0.0
2773,2025-03-08 21:00:00,return,0.0
2774,2025-03-08 21:15:00,return,0.0
2775,2025-03-08 21:30:00,return,0.0
2776,2025-03-08 21:45:00,return,0.0
2777,2025-03-08 22:00:00,return,0.0
2778,2025-03-08 22:15:00,return,0.0
2779,2025-03-08 22:30:00,return,0.0
2780,2025-03-08 22:45:00,return,0.0
2781,2025-03-08 23:00:00,return,0.0
2782,2025-03-08 23:15:00,return,0.0
2783,2025-03-08 23:30:00,return,0.0
2784,2025-03-08 23:45:00,return,0.0
2785,2025-03-09 00:00:00,return,0.0
2786,2025-03-09 00:15:00,return,0.0
2787,2025-03-09 00:30:00,return,0.0
2788,2025-03-09 00:45:00,return,0.0
2789,2025-03-09 01:00:00,return,0.0
2790,2025-03-09 01:15:00,return,0.0
2791,2025-03-09 01:30:00,return,0.0
2792,2025-03-09 01:45:00,return,0.0
2793,2025-03-09 02:00:00,return,0.0
2794,2025-03-09 02:15:00,return,0.0
2795,2025-03-09 02:30:00,return,0.0
2796,2025-03-09 02:45:00,return,0.0
2797,2025-03-09 03:00:00,return,0.0
2798,2025-03-09 03:15:00,return,0.0
2799,2025-03-09 03:30:00,return,0.0
2800,2025-03-09 03:45:00,return,0.0
2801,2025-03-09 04:00:00,return,0.0
2802,2025-03-09 04:15:00,return,0.0
2803,2025-03-09 04:30:00,return,0.0
2804,2025-03-09 04:45:00,return,0.0
2805,2025-03-09 05:00:00,return,0.0
2806,2025-03-09 05:15:00,return,0.0
2807,2025-03-09 05:30:00,return,0.0
2808,2025-03-09 05:45:00,return,0.0
2809,2025-03-09 06:00:00,return,0.0
2810,2025-03-09 06:15:00,return,0.0
2811,2025-03-09 06:30:00,return,0.0
2812,2025-03-09 06:45:00,return,0.0
2813,2025-03-09 07:00:00,return,0.0
2814,2025-03-09 07:15:00,return,0.0
2815,2025-03-09 07:30:00,return,0.0
2816,2025-03-09 07:45:00,return,0.0
2817,2025-03-09 08:00:00,return,0.0
2818,2025-03-09 08:15:00,return,0.0
2819,2025-03-09 08:30:00,return,0.0
2820,2025-03-09 08:45:00,return,0.0
2821,2025-03-09 09:00:00,return,0.0
2822,2025-03-09 09:15:00,return,0.0
2823,2025-03-09 09:30:00,return,0.9
2824,2025-03-09 09:45:00,return,1.8
2825,2025-03-09 10:00:00,return,3.6
2826,2025-03-09 10:15:00,return,5.4
2827,2025-03-09 10:30:00,return,6.75
2828,2025-03-09 10:45:00,return,8.1
2829,2025-03-09 11:00:00,return,8.55
2830,2025-03-09 11:15:00,return,5.4
2831,2025-03-09 11:30:00,return,11.7
2832,2025-03-09 11:45:00,return,11.7
2833,2025-03-09 12:00:00,return,11.25
2834,2025-03-09 12:15:00,return,12.15
2835,2025-03-09 12:30:00,return,12.15
2836,2025-03-09 12:45:00,return,13.5
2837,2025-03-09 13:00:00,return,15.75
2838,2025-03-09 13:15:00,return,11.7
2839,2025-03-09 13:30:00,return,7.65
2840,2025-03-09 13:45:00,return,5.85
2841,2025-03-09 14:00:00,return,6.3
2842,2025-03-09 14:15:00,return,11.25
2843,2025-03-09 14:30:00,return,10.35
2844,2025-03-09 14:45:00,return,10.8
2845,2025-03-09 15:00:00,return,11.25
2846,2025-03-09 15:15:00,return,10.35
2847,2025-03-09 15:30:00,return,8.55
2848,2025-03-09 15:45:00,return,7.2
2849,2025-03-09 16:00:00,return,5.85
2850,2025-03-09 16:15:00,return,3.6
2851,2025-03-09 16:30:00,return,1.35
2852,2025-03-09 16:45:00,return,0.45
2853,2025-03-09 17:00:00,return,0.0
2854,2025-03-09 17:15:00,return,0.0
2855,2025-03-09 17:30:00,return,0.0
2856,2025-03-09 17:45:00,return,0.0
2857,2025-03-09 18:00:00,return,0.0
2858,2025-03-09 18:15:00,return,0.0
2859,2025-03-09 18:30:00,return,0.0
2860,2025-03-09 18:45:00,return,0.0
2861,2025-03-09 19:00:00,return,0.0
2862,2025-03-09 19:15:00,return,0.0
2863,2025-03-09 19:30:00,return,0.0
2864,2025-03-09 19:45:00,return,0.0
2865,2025-03-09 20:00:00,return,0.0
2866,2025-03-09 20:15:00,return,0.0
2867,2025-03-09 20:30:00,return,0.0
2868,2025-03-09 20:45:00,return,0.0
2869,2025-03-09 21:00:00,return,0.0
2870,2025-03-09 21:15:00,return,0.0
2871,2025-03-09 21:30:00,return,0.0
2872,2025-03-09 21:45:00,return,0.0
2873,2025-03-09 22:00:00,return,0.0
2874,2025-03-09 22:15:00,return,0.0
2875,2025-03-09 22:30:00,return,0.0
2876,2025-03-09 22:45:00,return,0.0
2877,2025-03-09 23:00:00,return,0.0
2878,2025-03-09 23:15:00,return,0.0
2879,2025-03-09 23:30:00,return,0.0
2880,2025-03-09 23:45:00,return,0.0
